observation_id,person_id,patient_id,encounter_id,panel_id,observation_date,observation_type,source_code_type,source_code,source_description,result,source_units,normalized_units,source_reference_range_low,source_reference_range_high,normalized_reference_range_low,normalized_reference_range_high,ingest_datetime,data_source,META_data_source,META_Load_DTTM
ENC-20260618-PER-000447-00000-O00,PER-000447,PAT-000447,ENC-20260618-PER-000447-00000,PANEL-ENC-20260618-PER-000447-00000,2026-06-19,vital-signs,LOINC,39156-5,BMI,35.6,kg/m2,kg/m2,18.0,50.0,18.0,50.0,2026-06-18 02:00:00,SynaptiqPOC,META_SynaptiqPOC,2026-06-18 02:00:00
ENC-20260618-PER-000447-00000-O01,PER-000447,PAT-000447,ENC-20260618-PER-000447-00000,PANEL-ENC-20260618-PER-000447-00000,2026-06-19,vital-signs,LOINC,8867-4,Heart Rate,51.9,bpm,bpm,50.0,120.0,50.0,120.0,2026-06-18 02:00:00,SynaptiqPOC,META_SynaptiqPOC,2026-06-18 02:00:00
ENC-20260618-PER-000447-00000-O02,PER-000447,PAT-000447,ENC-20260618-PER-000447-00000,PANEL-ENC-20260618-PER-000447-00000,2026-06-19,vital-signs,LOINC,8480-6,Systolic BP,93.4,mmHg,mmHg,90.0,180.0,90.0,180.0,2026-06-18 02:00:00,SynaptiqPOC,META_SynaptiqPOC,2026-06-18 02:00:00
ENC-20260618-PER-000447-00000-O03,PER-000447,PAT-000447,ENC-20260618-PER-000447-00000,PANEL-ENC-20260618-PER-000447-00000,2026-06-19,vital-signs,LOINC,8867-4,Heart Rate,59.4,bpm,bpm,50.0,120.0,50.0,120.0,2026-06-18 02:00:00,SynaptiqPOC,META_SynaptiqPOC,2026-06-18 02:00:00
ENC-20260618-PER-003870-00001-O00,PER-003870,PAT-003870,ENC-20260618-PER-003870-00001,PANEL-ENC-20260618-PER-003870-00001,2026-06-19,vital-signs,LOINC,3141-9,Body Weight,147.0,kg,kg,45.0,160.0,45.0,160.0,2026-06-18 02:00:00,SynaptiqPOC,META_SynaptiqPOC,2026-06-18 02:00:00
ENC-20260618-PER-003870-00001-O01,PER-003870,PAT-003870,ENC-20260618-PER-003870-00001,PANEL-ENC-20260618-PER-003870-00001,2026-06-19,vital-signs,LOINC,39156-5,BMI,28.2,kg/m2,kg/m2,18.0,50.0,18.0,50.0,2026-06-18 02:00:00,SynaptiqPOC,META_SynaptiqPOC,2026-06-18 02:00:00
ENC-20260618-PER-003870-00001-O02,PER-003870,PAT-003870,ENC-20260618-PER-003870-00001,PANEL-ENC-20260618-PER-003870-00001,2026-06-19,vital-signs,LOINC,8867-4,Heart Rate,78.2,bpm,bpm,50.0,120.0,50.0,120.0,2026-06-18 02:00:00,SynaptiqPOC,META_SynaptiqPOC,2026-06-18 02:00:00
ENC-20260618-PER-003273-00002-O00,PER-003273,PAT-003273,ENC-20260618-PER-003273-00002,PANEL-ENC-20260618-PER-003273-00002,2026-06-17,vital-signs,LOINC,3141-9,Body Weight,91.2,kg,kg,45.0,160.0,45.0,160.0,2026-06-18 02:00:00,SynaptiqPOC,META_SynaptiqPOC,2026-06-18 02:00:00
ENC-20260618-PER-003273-00002-O01,PER-003273,PAT-003273,ENC-20260618-PER-003273-00002,PANEL-ENC-20260618-PER-003273-00002,2026-06-17,vital-signs,LOINC,8462-4,Diastolic BP,73.3,mmHg,mmHg,50.0,120.0,50.0,120.0,2026-06-18 02:00:00,SynaptiqPOC,META_SynaptiqPOC,2026-06-18 02:00:00
ENC-20260618-PER-002195-00003-O00,PER-002195,PAT-002195,ENC-20260618-PER-002195-00003,PANEL-ENC-20260618-PER-002195-00003,2026-06-18,vital-signs,LOINC,3141-9,Body Weight,71.0,kg,kg,45.0,160.0,45.0,160.0,2026-06-18 02:00:00,SynaptiqPOC,META_SynaptiqPOC,2026-06-18 02:00:00
ENC-20260618-PER-002195-00003-O01,PER-002195,PAT-002195,ENC-20260618-PER-002195-00003,PANEL-ENC-20260618-PER-002195-00003,2026-06-18,vital-signs,LOINC,3141-9,Body Weight,78.2,kg,kg,45.0,160.0,45.0,160.0,2026-06-18 02:00:00,SynaptiqPOC,META_SynaptiqPOC,2026-06-18 02:00:00
ENC-20260618-PER-002195-00003-O02,PER-002195,PAT-002195,ENC-20260618-PER-002195-00003,PANEL-ENC-20260618-PER-002195-00003,2026-06-18,vital-signs,LOINC,8462-4,Diastolic BP,59.6,mmHg,mmHg,50.0,120.0,50.0,120.0,2026-06-18 02:00:00,SynaptiqPOC,META_SynaptiqPOC,2026-06-18 02:00:00
ENC-20260618-PER-002166-00004-O00,PER-002166,PAT-002166,ENC-20260618-PER-002166-00004,PANEL-ENC-20260618-PER-002166-00004,2026-06-17,vital-signs,LOINC,8462-4,Diastolic BP,50.9,mmHg,mmHg,50.0,120.0,50.0,120.0,2026-06-18 02:00:00,SynaptiqPOC,META_SynaptiqPOC,2026-06-18 02:00:00
ENC-20260618-PER-002166-00004-O01,PER-002166,PAT-002166,ENC-20260618-PER-002166-00004,PANEL-ENC-20260618-PER-002166-00004,2026-06-17,vital-signs,LOINC,3141-9,Body Weight,66.0,kg,kg,45.0,160.0,45.0,160.0,2026-06-18 02:00:00,SynaptiqPOC,META_SynaptiqPOC,2026-06-18 02:00:00
ENC-20260618-PER-002166-00004-O02,PER-002166,PAT-002166,ENC-20260618-PER-002166-00004,PANEL-ENC-20260618-PER-002166-00004,2026-06-17,vital-signs,LOINC,8480-6,Systolic BP,163.0,mmHg,mmHg,90.0,180.0,90.0,180.0,2026-06-18 02:00:00,SynaptiqPOC,META_SynaptiqPOC,2026-06-18 02:00:00
ENC-20260618-PER-004293-00005-O00,PER-004293,PAT-004293,ENC-20260618-PER-004293-00005,PANEL-ENC-20260618-PER-004293-00005,2026-06-19,vital-signs,LOINC,8480-6,Systolic BP,122.2,mmHg,mmHg,90.0,180.0,90.0,180.0,2026-06-18 02:00:00,SynaptiqPOC,META_SynaptiqPOC,2026-06-18 02:00:00
ENC-20260618-PER-004293-00005-O01,PER-004293,PAT-004293,ENC-20260618-PER-004293-00005,PANEL-ENC-20260618-PER-004293-00005,2026-06-19,vital-signs,LOINC,8867-4,Heart Rate,54.8,bpm,bpm,50.0,120.0,50.0,120.0,2026-06-18 02:00:00,SynaptiqPOC,META_SynaptiqPOC,2026-06-18 02:00:00
ENC-20260618-PER-004293-00005-O02,PER-004293,PAT-004293,ENC-20260618-PER-004293-00005,PANEL-ENC-20260618-PER-004293-00005,2026-06-19,vital-signs,LOINC,39156-5,BMI,21.9,kg/m2,kg/m2,18.0,50.0,18.0,50.0,2026-06-18 02:00:00,SynaptiqPOC,META_SynaptiqPOC,2026-06-18 02:00:00
ENC-20260618-PER-000430-00006-O00,PER-000430,PAT-000430,ENC-20260618-PER-000430-00006,PANEL-ENC-20260618-PER-000430-00006,2026-06-19,vital-signs,LOINC,8480-6,Systolic BP,97.5,mmHg,mmHg,90.0,180.0,90.0,180.0,2026-06-18 02:00:00,SynaptiqPOC,META_SynaptiqPOC,2026-06-18 02:00:00
ENC-20260618-PER-000430-00006-O01,PER-000430,PAT-000430,ENC-20260618-PER-000430-00006,PANEL-ENC-20260618-PER-000430-00006,2026-06-19,vital-signs,LOINC,8480-6,Systolic BP,98.6,mmHg,mmHg,90.0,180.0,90.0,180.0,2026-06-18 02:00:00,SynaptiqPOC,META_SynaptiqPOC,2026-06-18 02:00:00
ENC-20260618-PER-000430-00006-O02,PER-000430,PAT-000430,ENC-20260618-PER-000430-00006,PANEL-ENC-20260618-PER-000430-00006,2026-06-19,vital-signs,LOINC,8480-6,Systolic BP,162.0,mmHg,mmHg,90.0,180.0,90.0,180.0,2026-06-18 02:00:00,SynaptiqPOC,META_SynaptiqPOC,2026-06-18 02:00:00
ENC-20260618-PER-000430-00006-O03,PER-000430,PAT-000430,ENC-20260618-PER-000430-00006,PANEL-ENC-20260618-PER-000430-00006,2026-06-19,vital-signs,LOINC,8480-6,Systolic BP,134.2,mmHg,mmHg,90.0,180.0,90.0,180.0,2026-06-18 02:00:00,SynaptiqPOC,META_SynaptiqPOC,2026-06-18 02:00:00
ENC-20260618-PER-003487-00007-O00,PER-003487,PAT-003487,ENC-20260618-PER-003487-00007,PANEL-ENC-20260618-PER-003487-00007,2026-06-17,vital-signs,LOINC,8867-4,Heart Rate,74.4,bpm,bpm,50.0,120.0,50.0,120.0,2026-06-18 02:00:00,SynaptiqPOC,META_SynaptiqPOC,2026-06-18 02:00:00
ENC-20260618-PER-003487-00007-O01,PER-003487,PAT-003487,ENC-20260618-PER-003487-00007,PANEL-ENC-20260618-PER-003487-00007,2026-06-17,vital-signs,LOINC,8480-6,Systolic BP,155.6,mmHg,mmHg,90.0,180.0,90.0,180.0,2026-06-18 02:00:00,SynaptiqPOC,META_SynaptiqPOC,2026-06-18 02:00:00
ENC-20260618-PER-001008-00008-O00,PER-001008,PAT-001008,ENC-20260618-PER-001008-00008,PANEL-ENC-20260618-PER-001008-00008,2026-06-18,vital-signs,LOINC,39156-5,BMI,43.5,kg/m2,kg/m2,18.0,50.0,18.0,50.0,2026-06-18 02:00:00,SynaptiqPOC,META_SynaptiqPOC,2026-06-18 02:00:00
ENC-20260618-PER-001008-00008-O01,PER-001008,PAT-001008,ENC-20260618-PER-001008-00008,PANEL-ENC-20260618-PER-001008-00008,2026-06-18,vital-signs,LOINC,8480-6,Systolic BP,144.6,mmHg,mmHg,90.0,180.0,90.0,180.0,2026-06-18 02:00:00,SynaptiqPOC,META_SynaptiqPOC,2026-06-18 02:00:00
ENC-20260618-PER-001008-00008-O02,PER-001008,PAT-001008,ENC-20260618-PER-001008-00008,PANEL-ENC-20260618-PER-001008-00008,2026-06-18,vital-signs,LOINC,8480-6,Systolic BP,177.5,mmHg,mmHg,90.0,180.0,90.0,180.0,2026-06-18 02:00:00,SynaptiqPOC,META_SynaptiqPOC,2026-06-18 02:00:00
ENC-20260618-PER-000471-00009-O00,PER-000471,PAT-000471,ENC-20260618-PER-000471-00009,PANEL-ENC-20260618-PER-000471-00009,2026-06-19,vital-signs,LOINC,39156-5,BMI,29.6,kg/m2,kg/m2,18.0,50.0,18.0,50.0,2026-06-18 02:00:00,SynaptiqPOC,META_SynaptiqPOC,2026-06-18 02:00:00
ENC-20260618-PER-000471-00009-O01,PER-000471,PAT-000471,ENC-20260618-PER-000471-00009,PANEL-ENC-20260618-PER-000471-00009,2026-06-19,vital-signs,LOINC,8462-4,Diastolic BP,94.7,mmHg,mmHg,50.0,120.0,50.0,120.0,2026-06-18 02:00:00,SynaptiqPOC,META_SynaptiqPOC,2026-06-18 02:00:00
ENC-20260618-PER-000471-00009-O02,PER-000471,PAT-000471,ENC-20260618-PER-000471-00009,PANEL-ENC-20260618-PER-000471-00009,2026-06-19,vital-signs,LOINC,8867-4,Heart Rate,59.8,bpm,bpm,50.0,120.0,50.0,120.0,2026-06-18 02:00:00,SynaptiqPOC,META_SynaptiqPOC,2026-06-18 02:00:00
ENC-20260618-PER-002633-00010-O00,PER-002633,PAT-002633,ENC-20260618-PER-002633-00010,PANEL-ENC-20260618-PER-002633-00010,2026-06-19,vital-signs,LOINC,8867-4,Heart Rate,109.1,bpm,bpm,50.0,120.0,50.0,120.0,2026-06-18 02:00:00,SynaptiqPOC,META_SynaptiqPOC,2026-06-18 02:00:00
ENC-20260618-PER-002633-00010-O01,PER-002633,PAT-002633,ENC-20260618-PER-002633-00010,PANEL-ENC-20260618-PER-002633-00010,2026-06-19,vital-signs,LOINC,8867-4,Heart Rate,108.5,bpm,bpm,50.0,120.0,50.0,120.0,2026-06-18 02:00:00,SynaptiqPOC,META_SynaptiqPOC,2026-06-18 02:00:00
ENC-20260618-PER-004879-00011-O00,PER-004879,PAT-004879,ENC-20260618-PER-004879-00011,PANEL-ENC-20260618-PER-004879-00011,2026-06-18,vital-signs,LOINC,8480-6,Systolic BP,178.2,mmHg,mmHg,90.0,180.0,90.0,180.0,2026-06-18 02:00:00,SynaptiqPOC,META_SynaptiqPOC,2026-06-18 02:00:00
ENC-20260618-PER-004879-00011-O01,PER-004879,PAT-004879,ENC-20260618-PER-004879-00011,PANEL-ENC-20260618-PER-004879-00011,2026-06-18,vital-signs,LOINC,39156-5,BMI,27.2,kg/m2,kg/m2,18.0,50.0,18.0,50.0,2026-06-18 02:00:00,SynaptiqPOC,META_SynaptiqPOC,2026-06-18 02:00:00
ENC-20260618-PER-004879-00011-O02,PER-004879,PAT-004879,ENC-20260618-PER-004879-00011,PANEL-ENC-20260618-PER-004879-00011,2026-06-18,vital-signs,LOINC,8867-4,Heart Rate,75.7,bpm,bpm,50.0,120.0,50.0,120.0,2026-06-18 02:00:00,SynaptiqPOC,META_SynaptiqPOC,2026-06-18 02:00:00
ENC-20260618-PER-003679-00012-O00,PER-003679,PAT-003679,ENC-20260618-PER-003679-00012,PANEL-ENC-20260618-PER-003679-00012,2026-06-17,vital-signs,LOINC,3141-9,Body Weight,89.0,kg,kg,45.0,160.0,45.0,160.0,2026-06-18 02:00:00,SynaptiqPOC,META_SynaptiqPOC,2026-06-18 02:00:00
ENC-20260618-PER-003679-00012-O01,PER-003679,PAT-003679,ENC-20260618-PER-003679-00012,PANEL-ENC-20260618-PER-003679-00012,2026-06-17,vital-signs,LOINC,3141-9,Body Weight,75.0,kg,kg,45.0,160.0,45.0,160.0,2026-06-18 02:00:00,SynaptiqPOC,META_SynaptiqPOC,2026-06-18 02:00:00
ENC-20260618-PER-003679-00012-O02,PER-003679,PAT-003679,ENC-20260618-PER-003679-00012,PANEL-ENC-20260618-PER-003679-00012,2026-06-17,vital-signs,LOINC,39156-5,BMI,35.1,kg/m2,kg/m2,18.0,50.0,18.0,50.0,2026-06-18 02:00:00,SynaptiqPOC,META_SynaptiqPOC,2026-06-18 02:00:00
ENC-20260618-PER-003679-00012-O03,PER-003679,PAT-003679,ENC-20260618-PER-003679-00012,PANEL-ENC-20260618-PER-003679-00012,2026-06-17,vital-signs,LOINC,39156-5,BMI,29.7,kg/m2,kg/m2,18.0,50.0,18.0,50.0,2026-06-18 02:00:00,SynaptiqPOC,META_SynaptiqPOC,2026-06-18 02:00:00
ENC-20260618-PER-003806-00013-O00,PER-003806,PAT-003806,ENC-20260618-PER-003806-00013,PANEL-ENC-20260618-PER-003806-00013,2026-06-19,vital-signs,LOINC,8480-6,Systolic BP,101.9,mmHg,mmHg,90.0,180.0,90.0,180.0,2026-06-18 02:00:00,SynaptiqPOC,META_SynaptiqPOC,2026-06-18 02:00:00
ENC-20260618-PER-003806-00013-O01,PER-003806,PAT-003806,ENC-20260618-PER-003806-00013,PANEL-ENC-20260618-PER-003806-00013,2026-06-19,vital-signs,LOINC,39156-5,BMI,34.0,kg/m2,kg/m2,18.0,50.0,18.0,50.0,2026-06-18 02:00:00,SynaptiqPOC,META_SynaptiqPOC,2026-06-18 02:00:00
ENC-20260618-PER-003806-00013-O02,PER-003806,PAT-003806,ENC-20260618-PER-003806-00013,PANEL-ENC-20260618-PER-003806-00013,2026-06-19,vital-signs,LOINC,8867-4,Heart Rate,50.0,bpm,bpm,50.0,120.0,50.0,120.0,2026-06-18 02:00:00,SynaptiqPOC,META_SynaptiqPOC,2026-06-18 02:00:00
ENC-20260618-PER-003588-00014-O00,PER-003588,PAT-003588,ENC-20260618-PER-003588-00014,PANEL-ENC-20260618-PER-003588-00014,2026-06-19,vital-signs,LOINC,8462-4,Diastolic BP,98.1,mmHg,mmHg,50.0,120.0,50.0,120.0,2026-06-18 02:00:00,SynaptiqPOC,META_SynaptiqPOC,2026-06-18 02:00:00
ENC-20260618-PER-003588-00014-O01,PER-003588,PAT-003588,ENC-20260618-PER-003588-00014,PANEL-ENC-20260618-PER-003588-00014,2026-06-19,vital-signs,LOINC,8480-6,Systolic BP,120.8,mmHg,mmHg,90.0,180.0,90.0,180.0,2026-06-18 02:00:00,SynaptiqPOC,META_SynaptiqPOC,2026-06-18 02:00:00
ENC-20260618-PER-003931-00015-O00,PER-003931,PAT-003931,ENC-20260618-PER-003931-00015,PANEL-ENC-20260618-PER-003931-00015,2026-06-18,vital-signs,LOINC,8462-4,Diastolic BP,72.2,mmHg,mmHg,50.0,120.0,50.0,120.0,2026-06-18 02:00:00,SynaptiqPOC,META_SynaptiqPOC,2026-06-18 02:00:00
ENC-20260618-PER-003931-00015-O01,PER-003931,PAT-003931,ENC-20260618-PER-003931-00015,PANEL-ENC-20260618-PER-003931-00015,2026-06-18,vital-signs,LOINC,3141-9,Body Weight,73.2,kg,kg,45.0,160.0,45.0,160.0,2026-06-18 02:00:00,SynaptiqPOC,META_SynaptiqPOC,2026-06-18 02:00:00
ENC-20260618-PER-002567-00016-O00,PER-002567,PAT-002567,ENC-20260618-PER-002567-00016,PANEL-ENC-20260618-PER-002567-00016,2026-06-19,vital-signs,LOINC,3141-9,Body Weight,58.4,kg,kg,45.0,160.0,45.0,160.0,2026-06-18 02:00:00,SynaptiqPOC,META_SynaptiqPOC,2026-06-18 02:00:00
ENC-20260618-PER-002567-00016-O01,PER-002567,PAT-002567,ENC-20260618-PER-002567-00016,PANEL-ENC-20260618-PER-002567-00016,2026-06-19,vital-signs,LOINC,8480-6,Systolic BP,115.9,mmHg,mmHg,90.0,180.0,90.0,180.0,2026-06-18 02:00:00,SynaptiqPOC,META_SynaptiqPOC,2026-06-18 02:00:00
ENC-20260618-PER-002567-00016-O02,PER-002567,PAT-002567,ENC-20260618-PER-002567-00016,PANEL-ENC-20260618-PER-002567-00016,2026-06-19,vital-signs,LOINC,3141-9,Body Weight,118.7,kg,kg,45.0,160.0,45.0,160.0,2026-06-18 02:00:00,SynaptiqPOC,META_SynaptiqPOC,2026-06-18 02:00:00
ENC-20260618-PER-000641-00017-O00,PER-000641,PAT-000641,ENC-20260618-PER-000641-00017,PANEL-ENC-20260618-PER-000641-00017,2026-06-17,vital-signs,LOINC,8462-4,Diastolic BP,67.3,mmHg,mmHg,50.0,120.0,50.0,120.0,2026-06-18 02:00:00,SynaptiqPOC,META_SynaptiqPOC,2026-06-18 02:00:00
ENC-20260618-PER-000641-00017-O01,PER-000641,PAT-000641,ENC-20260618-PER-000641-00017,PANEL-ENC-20260618-PER-000641-00017,2026-06-17,vital-signs,LOINC,39156-5,BMI,32.1,kg/m2,kg/m2,18.0,50.0,18.0,50.0,2026-06-18 02:00:00,SynaptiqPOC,META_SynaptiqPOC,2026-06-18 02:00:00
ENC-20260618-PER-000641-00017-O02,PER-000641,PAT-000641,ENC-20260618-PER-000641-00017,PANEL-ENC-20260618-PER-000641-00017,2026-06-17,vital-signs,LOINC,8462-4,Diastolic BP,63.3,mmHg,mmHg,50.0,120.0,50.0,120.0,2026-06-18 02:00:00,SynaptiqPOC,META_SynaptiqPOC,2026-06-18 02:00:00
ENC-20260618-PER-000641-00017-O03,PER-000641,PAT-000641,ENC-20260618-PER-000641-00017,PANEL-ENC-20260618-PER-000641-00017,2026-06-17,vital-signs,LOINC,8462-4,Diastolic BP,62.8,mmHg,mmHg,50.0,120.0,50.0,120.0,2026-06-18 02:00:00,SynaptiqPOC,META_SynaptiqPOC,2026-06-18 02:00:00
ENC-20260618-PER-004199-00018-O00,PER-004199,PAT-004199,ENC-20260618-PER-004199-00018,PANEL-ENC-20260618-PER-004199-00018,2026-06-18,vital-signs,LOINC,8462-4,Diastolic BP,63.3,mmHg,mmHg,50.0,120.0,50.0,120.0,2026-06-18 02:00:00,SynaptiqPOC,META_SynaptiqPOC,2026-06-18 02:00:00
ENC-20260618-PER-004199-00018-O01,PER-004199,PAT-004199,ENC-20260618-PER-004199-00018,PANEL-ENC-20260618-PER-004199-00018,2026-06-18,vital-signs,LOINC,8480-6,Systolic BP,104.1,mmHg,mmHg,90.0,180.0,90.0,180.0,2026-06-18 02:00:00,SynaptiqPOC,META_SynaptiqPOC,2026-06-18 02:00:00
ENC-20260618-PER-002252-00019-O00,PER-002252,PAT-002252,ENC-20260618-PER-002252-00019,PANEL-ENC-20260618-PER-002252-00019,2026-06-17,vital-signs,LOINC,39156-5,BMI,20.6,kg/m2,kg/m2,18.0,50.0,18.0,50.0,2026-06-18 02:00:00,SynaptiqPOC,META_SynaptiqPOC,2026-06-18 02:00:00
ENC-20260618-PER-002252-00019-O01,PER-002252,PAT-002252,ENC-20260618-PER-002252-00019,PANEL-ENC-20260618-PER-002252-00019,2026-06-17,vital-signs,LOINC,8480-6,Systolic BP,148.5,mmHg,mmHg,90.0,180.0,90.0,180.0,2026-06-18 02:00:00,SynaptiqPOC,META_SynaptiqPOC,2026-06-18 02:00:00
ENC-20260618-PER-002502-00020-O00,PER-002502,PAT-002502,ENC-20260618-PER-002502-00020,PANEL-ENC-20260618-PER-002502-00020,2026-06-19,vital-signs,LOINC,39156-5,BMI,30.5,kg/m2,kg/m2,18.0,50.0,18.0,50.0,2026-06-18 02:00:00,SynaptiqPOC,META_SynaptiqPOC,2026-06-18 02:00:00
ENC-20260618-PER-002502-00020-O01,PER-002502,PAT-002502,ENC-20260618-PER-002502-00020,PANEL-ENC-20260618-PER-002502-00020,2026-06-19,vital-signs,LOINC,8462-4,Diastolic BP,101.3,mmHg,mmHg,50.0,120.0,50.0,120.0,2026-06-18 02:00:00,SynaptiqPOC,META_SynaptiqPOC,2026-06-18 02:00:00
ENC-20260618-PER-002502-00020-O02,PER-002502,PAT-002502,ENC-20260618-PER-002502-00020,PANEL-ENC-20260618-PER-002502-00020,2026-06-19,vital-signs,LOINC,39156-5,BMI,30.2,kg/m2,kg/m2,18.0,50.0,18.0,50.0,2026-06-18 02:00:00,SynaptiqPOC,META_SynaptiqPOC,2026-06-18 02:00:00
ENC-20260618-PER-002502-00020-O03,PER-002502,PAT-002502,ENC-20260618-PER-002502-00020,PANEL-ENC-20260618-PER-002502-00020,2026-06-19,vital-signs,LOINC,39156-5,BMI,22.5,kg/m2,kg/m2,18.0,50.0,18.0,50.0,2026-06-18 02:00:00,SynaptiqPOC,META_SynaptiqPOC,2026-06-18 02:00:00
ENC-20260618-PER-001854-00021-O00,PER-001854,PAT-001854,ENC-20260618-PER-001854-00021,PANEL-ENC-20260618-PER-001854-00021,2026-06-19,vital-signs,LOINC,8480-6,Systolic BP,128.0,mmHg,mmHg,90.0,180.0,90.0,180.0,2026-06-18 02:00:00,SynaptiqPOC,META_SynaptiqPOC,2026-06-18 02:00:00
ENC-20260618-PER-001854-00021-O01,PER-001854,PAT-001854,ENC-20260618-PER-001854-00021,PANEL-ENC-20260618-PER-001854-00021,2026-06-19,vital-signs,LOINC,8462-4,Diastolic BP,56.8,mmHg,mmHg,50.0,120.0,50.0,120.0,2026-06-18 02:00:00,SynaptiqPOC,META_SynaptiqPOC,2026-06-18 02:00:00
ENC-20260618-PER-000913-00022-O00,PER-000913,PAT-000913,ENC-20260618-PER-000913-00022,PANEL-ENC-20260618-PER-000913-00022,2026-06-19,vital-signs,LOINC,8462-4,Diastolic BP,53.0,mmHg,mmHg,50.0,120.0,50.0,120.0,2026-06-18 02:00:00,SynaptiqPOC,META_SynaptiqPOC,2026-06-18 02:00:00
ENC-20260618-PER-000913-00022-O01,PER-000913,PAT-000913,ENC-20260618-PER-000913-00022,PANEL-ENC-20260618-PER-000913-00022,2026-06-19,vital-signs,LOINC,8867-4,Heart Rate,50.3,bpm,bpm,50.0,120.0,50.0,120.0,2026-06-18 02:00:00,SynaptiqPOC,META_SynaptiqPOC,2026-06-18 02:00:00
ENC-20260618-PER-004634-00023-O00,PER-004634,PAT-004634,ENC-20260618-PER-004634-00023,PANEL-ENC-20260618-PER-004634-00023,2026-06-18,vital-signs,LOINC,8462-4,Diastolic BP,89.3,mmHg,mmHg,50.0,120.0,50.0,120.0,2026-06-18 02:00:00,SynaptiqPOC,META_SynaptiqPOC,2026-06-18 02:00:00
ENC-20260618-PER-004634-00023-O01,PER-004634,PAT-004634,ENC-20260618-PER-004634-00023,PANEL-ENC-20260618-PER-004634-00023,2026-06-18,vital-signs,LOINC,3141-9,Body Weight,84.2,kg,kg,45.0,160.0,45.0,160.0,2026-06-18 02:00:00,SynaptiqPOC,META_SynaptiqPOC,2026-06-18 02:00:00
ENC-20260618-PER-003908-00024-O00,PER-003908,PAT-003908,ENC-20260618-PER-003908-00024,PANEL-ENC-20260618-PER-003908-00024,2026-06-17,vital-signs,LOINC,39156-5,BMI,27.0,kg/m2,kg/m2,18.0,50.0,18.0,50.0,2026-06-18 02:00:00,SynaptiqPOC,META_SynaptiqPOC,2026-06-18 02:00:00
ENC-20260618-PER-003908-00024-O01,PER-003908,PAT-003908,ENC-20260618-PER-003908-00024,PANEL-ENC-20260618-PER-003908-00024,2026-06-17,vital-signs,LOINC,8480-6,Systolic BP,144.2,mmHg,mmHg,90.0,180.0,90.0,180.0,2026-06-18 02:00:00,SynaptiqPOC,META_SynaptiqPOC,2026-06-18 02:00:00
ENC-20260618-PER-003908-00024-O02,PER-003908,PAT-003908,ENC-20260618-PER-003908-00024,PANEL-ENC-20260618-PER-003908-00024,2026-06-17,vital-signs,LOINC,8867-4,Heart Rate,82.2,bpm,bpm,50.0,120.0,50.0,120.0,2026-06-18 02:00:00,SynaptiqPOC,META_SynaptiqPOC,2026-06-18 02:00:00
ENC-20260618-PER-003908-00024-O03,PER-003908,PAT-003908,ENC-20260618-PER-003908-00024,PANEL-ENC-20260618-PER-003908-00024,2026-06-17,vital-signs,LOINC,8462-4,Diastolic BP,74.2,mmHg,mmHg,50.0,120.0,50.0,120.0,2026-06-18 02:00:00,SynaptiqPOC,META_SynaptiqPOC,2026-06-18 02:00:00
ENC-20260618-PER-003220-00025-O00,PER-003220,PAT-003220,ENC-20260618-PER-003220-00025,PANEL-ENC-20260618-PER-003220-00025,2026-06-17,vital-signs,LOINC,8480-6,Systolic BP,128.2,mmHg,mmHg,90.0,180.0,90.0,180.0,2026-06-18 02:00:00,SynaptiqPOC,META_SynaptiqPOC,2026-06-18 02:00:00
ENC-20260618-PER-003220-00025-O01,PER-003220,PAT-003220,ENC-20260618-PER-003220-00025,PANEL-ENC-20260618-PER-003220-00025,2026-06-17,vital-signs,LOINC,39156-5,BMI,27.9,kg/m2,kg/m2,18.0,50.0,18.0,50.0,2026-06-18 02:00:00,SynaptiqPOC,META_SynaptiqPOC,2026-06-18 02:00:00
ENC-20260618-PER-003220-00025-O02,PER-003220,PAT-003220,ENC-20260618-PER-003220-00025,PANEL-ENC-20260618-PER-003220-00025,2026-06-17,vital-signs,LOINC,39156-5,BMI,24.3,kg/m2,kg/m2,18.0,50.0,18.0,50.0,2026-06-18 02:00:00,SynaptiqPOC,META_SynaptiqPOC,2026-06-18 02:00:00
ENC-20260618-PER-002013-00026-O00,PER-002013,PAT-002013,ENC-20260618-PER-002013-00026,PANEL-ENC-20260618-PER-002013-00026,2026-06-18,vital-signs,LOINC,39156-5,BMI,29.2,kg/m2,kg/m2,18.0,50.0,18.0,50.0,2026-06-18 02:00:00,SynaptiqPOC,META_SynaptiqPOC,2026-06-18 02:00:00
ENC-20260618-PER-002013-00026-O01,PER-002013,PAT-002013,ENC-20260618-PER-002013-00026,PANEL-ENC-20260618-PER-002013-00026,2026-06-18,vital-signs,LOINC,8867-4,Heart Rate,75.1,bpm,bpm,50.0,120.0,50.0,120.0,2026-06-18 02:00:00,SynaptiqPOC,META_SynaptiqPOC,2026-06-18 02:00:00
ENC-20260618-PER-004114-00027-O00,PER-004114,PAT-004114,ENC-20260618-PER-004114-00027,PANEL-ENC-20260618-PER-004114-00027,2026-06-19,vital-signs,LOINC,3141-9,Body Weight,94.5,kg,kg,45.0,160.0,45.0,160.0,2026-06-18 02:00:00,SynaptiqPOC,META_SynaptiqPOC,2026-06-18 02:00:00
ENC-20260618-PER-004114-00027-O01,PER-004114,PAT-004114,ENC-20260618-PER-004114-00027,PANEL-ENC-20260618-PER-004114-00027,2026-06-19,vital-signs,LOINC,3141-9,Body Weight,49.2,kg,kg,45.0,160.0,45.0,160.0,2026-06-18 02:00:00,SynaptiqPOC,META_SynaptiqPOC,2026-06-18 02:00:00
ENC-20260618-PER-002728-00028-O00,PER-002728,PAT-002728,ENC-20260618-PER-002728-00028,PANEL-ENC-20260618-PER-002728-00028,2026-06-17,vital-signs,LOINC,3141-9,Body Weight,67.8,kg,kg,45.0,160.0,45.0,160.0,2026-06-18 02:00:00,SynaptiqPOC,META_SynaptiqPOC,2026-06-18 02:00:00
ENC-20260618-PER-002728-00028-O01,PER-002728,PAT-002728,ENC-20260618-PER-002728-00028,PANEL-ENC-20260618-PER-002728-00028,2026-06-17,vital-signs,LOINC,8867-4,Heart Rate,101.0,bpm,bpm,50.0,120.0,50.0,120.0,2026-06-18 02:00:00,SynaptiqPOC,META_SynaptiqPOC,2026-06-18 02:00:00
ENC-20260618-PER-002728-00028-O02,PER-002728,PAT-002728,ENC-20260618-PER-002728-00028,PANEL-ENC-20260618-PER-002728-00028,2026-06-17,vital-signs,LOINC,8462-4,Diastolic BP,100.4,mmHg,mmHg,50.0,120.0,50.0,120.0,2026-06-18 02:00:00,SynaptiqPOC,META_SynaptiqPOC,2026-06-18 02:00:00
ENC-20260618-PER-002728-00028-O03,PER-002728,PAT-002728,ENC-20260618-PER-002728-00028,PANEL-ENC-20260618-PER-002728-00028,2026-06-17,vital-signs,LOINC,3141-9,Body Weight,75.2,kg,kg,45.0,160.0,45.0,160.0,2026-06-18 02:00:00,SynaptiqPOC,META_SynaptiqPOC,2026-06-18 02:00:00
ENC-20260618-PER-002218-00029-O00,PER-002218,PAT-002218,ENC-20260618-PER-002218-00029,PANEL-ENC-20260618-PER-002218-00029,2026-06-19,vital-signs,LOINC,39156-5,BMI,31.4,kg/m2,kg/m2,18.0,50.0,18.0,50.0,2026-06-18 02:00:00,SynaptiqPOC,META_SynaptiqPOC,2026-06-18 02:00:00
ENC-20260618-PER-002218-00029-O01,PER-002218,PAT-002218,ENC-20260618-PER-002218-00029,PANEL-ENC-20260618-PER-002218-00029,2026-06-19,vital-signs,LOINC,39156-5,BMI,27.2,kg/m2,kg/m2,18.0,50.0,18.0,50.0,2026-06-18 02:00:00,SynaptiqPOC,META_SynaptiqPOC,2026-06-18 02:00:00
ENC-20260618-PER-002218-00029-O02,PER-002218,PAT-002218,ENC-20260618-PER-002218-00029,PANEL-ENC-20260618-PER-002218-00029,2026-06-19,vital-signs,LOINC,39156-5,BMI,31.9,kg/m2,kg/m2,18.0,50.0,18.0,50.0,2026-06-18 02:00:00,SynaptiqPOC,META_SynaptiqPOC,2026-06-18 02:00:00
ENC-20260618-PER-002218-00029-O03,PER-002218,PAT-002218,ENC-20260618-PER-002218-00029,PANEL-ENC-20260618-PER-002218-00029,2026-06-19,vital-signs,LOINC,39156-5,BMI,24.8,kg/m2,kg/m2,18.0,50.0,18.0,50.0,2026-06-18 02:00:00,SynaptiqPOC,META_SynaptiqPOC,2026-06-18 02:00:00
ENC-20260618-PER-002253-00030-O00,PER-002253,PAT-002253,ENC-20260618-PER-002253-00030,PANEL-ENC-20260618-PER-002253-00030,2026-06-17,vital-signs,LOINC,39156-5,BMI,23.8,kg/m2,kg/m2,18.0,50.0,18.0,50.0,2026-06-18 02:00:00,SynaptiqPOC,META_SynaptiqPOC,2026-06-18 02:00:00
ENC-20260618-PER-002253-00030-O01,PER-002253,PAT-002253,ENC-20260618-PER-002253-00030,PANEL-ENC-20260618-PER-002253-00030,2026-06-17,vital-signs,LOINC,8480-6,Systolic BP,103.4,mmHg,mmHg,90.0,180.0,90.0,180.0,2026-06-18 02:00:00,SynaptiqPOC,META_SynaptiqPOC,2026-06-18 02:00:00
ENC-20260618-PER-001137-00031-O00,PER-001137,PAT-001137,ENC-20260618-PER-001137-00031,PANEL-ENC-20260618-PER-001137-00031,2026-06-18,vital-signs,LOINC,8867-4,Heart Rate,119.3,bpm,bpm,50.0,120.0,50.0,120.0,2026-06-18 02:00:00,SynaptiqPOC,META_SynaptiqPOC,2026-06-18 02:00:00
ENC-20260618-PER-001137-00031-O01,PER-001137,PAT-001137,ENC-20260618-PER-001137-00031,PANEL-ENC-20260618-PER-001137-00031,2026-06-18,vital-signs,LOINC,3141-9,Body Weight,103.2,kg,kg,45.0,160.0,45.0,160.0,2026-06-18 02:00:00,SynaptiqPOC,META_SynaptiqPOC,2026-06-18 02:00:00
ENC-20260618-PER-000461-00032-O00,PER-000461,PAT-000461,ENC-20260618-PER-000461-00032,PANEL-ENC-20260618-PER-000461-00032,2026-06-17,vital-signs,LOINC,8867-4,Heart Rate,63.0,bpm,bpm,50.0,120.0,50.0,120.0,2026-06-18 02:00:00,SynaptiqPOC,META_SynaptiqPOC,2026-06-18 02:00:00
ENC-20260618-PER-000461-00032-O01,PER-000461,PAT-000461,ENC-20260618-PER-000461-00032,PANEL-ENC-20260618-PER-000461-00032,2026-06-17,vital-signs,LOINC,8867-4,Heart Rate,60.3,bpm,bpm,50.0,120.0,50.0,120.0,2026-06-18 02:00:00,SynaptiqPOC,META_SynaptiqPOC,2026-06-18 02:00:00
ENC-20260618-PER-002773-00033-O00,PER-002773,PAT-002773,ENC-20260618-PER-002773-00033,PANEL-ENC-20260618-PER-002773-00033,2026-06-18,vital-signs,LOINC,8867-4,Heart Rate,70.3,bpm,bpm,50.0,120.0,50.0,120.0,2026-06-18 02:00:00,SynaptiqPOC,META_SynaptiqPOC,2026-06-18 02:00:00
ENC-20260618-PER-002773-00033-O01,PER-002773,PAT-002773,ENC-20260618-PER-002773-00033,PANEL-ENC-20260618-PER-002773-00033,2026-06-18,vital-signs,LOINC,3141-9,Body Weight,48.6,kg,kg,45.0,160.0,45.0,160.0,2026-06-18 02:00:00,SynaptiqPOC,META_SynaptiqPOC,2026-06-18 02:00:00
ENC-20260618-PER-002773-00033-O02,PER-002773,PAT-002773,ENC-20260618-PER-002773-00033,PANEL-ENC-20260618-PER-002773-00033,2026-06-18,vital-signs,LOINC,39156-5,BMI,23.1,kg/m2,kg/m2,18.0,50.0,18.0,50.0,2026-06-18 02:00:00,SynaptiqPOC,META_SynaptiqPOC,2026-06-18 02:00:00
ENC-20260618-PER-002773-00033-O03,PER-002773,PAT-002773,ENC-20260618-PER-002773-00033,PANEL-ENC-20260618-PER-002773-00033,2026-06-18,vital-signs,LOINC,8462-4,Diastolic BP,52.3,mmHg,mmHg,50.0,120.0,50.0,120.0,2026-06-18 02:00:00,SynaptiqPOC,META_SynaptiqPOC,2026-06-18 02:00:00
ENC-20260618-PER-004440-00034-O00,PER-004440,PAT-004440,ENC-20260618-PER-004440-00034,PANEL-ENC-20260618-PER-004440-00034,2026-06-18,vital-signs,LOINC,8867-4,Heart Rate,91.9,bpm,bpm,50.0,120.0,50.0,120.0,2026-06-18 02:00:00,SynaptiqPOC,META_SynaptiqPOC,2026-06-18 02:00:00
ENC-20260618-PER-004440-00034-O01,PER-004440,PAT-004440,ENC-20260618-PER-004440-00034,PANEL-ENC-20260618-PER-004440-00034,2026-06-18,vital-signs,LOINC,39156-5,BMI,35.7,kg/m2,kg/m2,18.0,50.0,18.0,50.0,2026-06-18 02:00:00,SynaptiqPOC,META_SynaptiqPOC,2026-06-18 02:00:00
ENC-20260618-PER-000320-00035-O00,PER-000320,PAT-000320,ENC-20260618-PER-000320-00035,PANEL-ENC-20260618-PER-000320-00035,2026-06-17,vital-signs,LOINC,8462-4,Diastolic BP,87.3,mmHg,mmHg,50.0,120.0,50.0,120.0,2026-06-18 02:00:00,SynaptiqPOC,META_SynaptiqPOC,2026-06-18 02:00:00
ENC-20260618-PER-000320-00035-O01,PER-000320,PAT-000320,ENC-20260618-PER-000320-00035,PANEL-ENC-20260618-PER-000320-00035,2026-06-17,vital-signs,LOINC,8462-4,Diastolic BP,98.7,mmHg,mmHg,50.0,120.0,50.0,120.0,2026-06-18 02:00:00,SynaptiqPOC,META_SynaptiqPOC,2026-06-18 02:00:00
ENC-20260618-PER-004292-00036-O00,PER-004292,PAT-004292,ENC-20260618-PER-004292-00036,PANEL-ENC-20260618-PER-004292-00036,2026-06-18,vital-signs,LOINC,8462-4,Diastolic BP,81.1,mmHg,mmHg,50.0,120.0,50.0,120.0,2026-06-18 02:00:00,SynaptiqPOC,META_SynaptiqPOC,2026-06-18 02:00:00
ENC-20260618-PER-004292-00036-O01,PER-004292,PAT-004292,ENC-20260618-PER-004292-00036,PANEL-ENC-20260618-PER-004292-00036,2026-06-18,vital-signs,LOINC,8480-6,Systolic BP,109.4,mmHg,mmHg,90.0,180.0,90.0,180.0,2026-06-18 02:00:00,SynaptiqPOC,META_SynaptiqPOC,2026-06-18 02:00:00
ENC-20260618-PER-004292-00036-O02,PER-004292,PAT-004292,ENC-20260618-PER-004292-00036,PANEL-ENC-20260618-PER-004292-00036,2026-06-18,vital-signs,LOINC,8867-4,Heart Rate,89.6,bpm,bpm,50.0,120.0,50.0,120.0,2026-06-18 02:00:00,SynaptiqPOC,META_SynaptiqPOC,2026-06-18 02:00:00
ENC-20260618-PER-004139-00037-O00,PER-004139,PAT-004139,ENC-20260618-PER-004139-00037,PANEL-ENC-20260618-PER-004139-00037,2026-06-19,vital-signs,LOINC,8480-6,Systolic BP,100.2,mmHg,mmHg,90.0,180.0,90.0,180.0,2026-06-18 02:00:00,SynaptiqPOC,META_SynaptiqPOC,2026-06-18 02:00:00
ENC-20260618-PER-004139-00037-O01,PER-004139,PAT-004139,ENC-20260618-PER-004139-00037,PANEL-ENC-20260618-PER-004139-00037,2026-06-19,vital-signs,LOINC,8480-6,Systolic BP,133.7,mmHg,mmHg,90.0,180.0,90.0,180.0,2026-06-18 02:00:00,SynaptiqPOC,META_SynaptiqPOC,2026-06-18 02:00:00
ENC-20260618-PER-004139-00037-O02,PER-004139,PAT-004139,ENC-20260618-PER-004139-00037,PANEL-ENC-20260618-PER-004139-00037,2026-06-19,vital-signs,LOINC,8867-4,Heart Rate,71.8,bpm,bpm,50.0,120.0,50.0,120.0,2026-06-18 02:00:00,SynaptiqPOC,META_SynaptiqPOC,2026-06-18 02:00:00
ENC-20260618-PER-001384-00038-O00,PER-001384,PAT-001384,ENC-20260618-PER-001384-00038,PANEL-ENC-20260618-PER-001384-00038,2026-06-19,vital-signs,LOINC,8462-4,Diastolic BP,113.6,mmHg,mmHg,50.0,120.0,50.0,120.0,2026-06-18 02:00:00,SynaptiqPOC,META_SynaptiqPOC,2026-06-18 02:00:00
ENC-20260618-PER-001384-00038-O01,PER-001384,PAT-001384,ENC-20260618-PER-001384-00038,PANEL-ENC-20260618-PER-001384-00038,2026-06-19,vital-signs,LOINC,8867-4,Heart Rate,84.3,bpm,bpm,50.0,120.0,50.0,120.0,2026-06-18 02:00:00,SynaptiqPOC,META_SynaptiqPOC,2026-06-18 02:00:00
ENC-20260618-PER-001384-00038-O02,PER-001384,PAT-001384,ENC-20260618-PER-001384-00038,PANEL-ENC-20260618-PER-001384-00038,2026-06-19,vital-signs,LOINC,8867-4,Heart Rate,107.3,bpm,bpm,50.0,120.0,50.0,120.0,2026-06-18 02:00:00,SynaptiqPOC,META_SynaptiqPOC,2026-06-18 02:00:00
ENC-20260618-PER-003159-00039-O00,PER-003159,PAT-003159,ENC-20260618-PER-003159-00039,PANEL-ENC-20260618-PER-003159-00039,2026-06-17,vital-signs,LOINC,3141-9,Body Weight,93.4,kg,kg,45.0,160.0,45.0,160.0,2026-06-18 02:00:00,SynaptiqPOC,META_SynaptiqPOC,2026-06-18 02:00:00
ENC-20260618-PER-003159-00039-O01,PER-003159,PAT-003159,ENC-20260618-PER-003159-00039,PANEL-ENC-20260618-PER-003159-00039,2026-06-17,vital-signs,LOINC,8462-4,Diastolic BP,96.8,mmHg,mmHg,50.0,120.0,50.0,120.0,2026-06-18 02:00:00,SynaptiqPOC,META_SynaptiqPOC,2026-06-18 02:00:00
ENC-20260618-PER-003159-00039-O02,PER-003159,PAT-003159,ENC-20260618-PER-003159-00039,PANEL-ENC-20260618-PER-003159-00039,2026-06-17,vital-signs,LOINC,8867-4,Heart Rate,108.7,bpm,bpm,50.0,120.0,50.0,120.0,2026-06-18 02:00:00,SynaptiqPOC,META_SynaptiqPOC,2026-06-18 02:00:00
ENC-20260618-PER-003159-00039-O03,PER-003159,PAT-003159,ENC-20260618-PER-003159-00039,PANEL-ENC-20260618-PER-003159-00039,2026-06-17,vital-signs,LOINC,8462-4,Diastolic BP,89.6,mmHg,mmHg,50.0,120.0,50.0,120.0,2026-06-18 02:00:00,SynaptiqPOC,META_SynaptiqPOC,2026-06-18 02:00:00
ENC-20260618-PER-000827-00040-O00,PER-000827,PAT-000827,ENC-20260618-PER-000827-00040,PANEL-ENC-20260618-PER-000827-00040,2026-06-19,vital-signs,LOINC,8480-6,Systolic BP,106.0,mmHg,mmHg,90.0,180.0,90.0,180.0,2026-06-18 02:00:00,SynaptiqPOC,META_SynaptiqPOC,2026-06-18 02:00:00
ENC-20260618-PER-000827-00040-O01,PER-000827,PAT-000827,ENC-20260618-PER-000827-00040,PANEL-ENC-20260618-PER-000827-00040,2026-06-19,vital-signs,LOINC,3141-9,Body Weight,49.3,kg,kg,45.0,160.0,45.0,160.0,2026-06-18 02:00:00,SynaptiqPOC,META_SynaptiqPOC,2026-06-18 02:00:00
ENC-20260618-PER-003791-00041-O00,PER-003791,PAT-003791,ENC-20260618-PER-003791-00041,PANEL-ENC-20260618-PER-003791-00041,2026-06-19,vital-signs,LOINC,8480-6,Systolic BP,98.2,mmHg,mmHg,90.0,180.0,90.0,180.0,2026-06-18 02:00:00,SynaptiqPOC,META_SynaptiqPOC,2026-06-18 02:00:00
ENC-20260618-PER-003791-00041-O01,PER-003791,PAT-003791,ENC-20260618-PER-003791-00041,PANEL-ENC-20260618-PER-003791-00041,2026-06-19,vital-signs,LOINC,39156-5,BMI,32.5,kg/m2,kg/m2,18.0,50.0,18.0,50.0,2026-06-18 02:00:00,SynaptiqPOC,META_SynaptiqPOC,2026-06-18 02:00:00
ENC-20260618-PER-003791-00041-O02,PER-003791,PAT-003791,ENC-20260618-PER-003791-00041,PANEL-ENC-20260618-PER-003791-00041,2026-06-19,vital-signs,LOINC,8480-6,Systolic BP,176.7,mmHg,mmHg,90.0,180.0,90.0,180.0,2026-06-18 02:00:00,SynaptiqPOC,META_SynaptiqPOC,2026-06-18 02:00:00
ENC-20260618-PER-003503-00042-O00,PER-003503,PAT-003503,ENC-20260618-PER-003503-00042,PANEL-ENC-20260618-PER-003503-00042,2026-06-19,vital-signs,LOINC,8462-4,Diastolic BP,108.3,mmHg,mmHg,50.0,120.0,50.0,120.0,2026-06-18 02:00:00,SynaptiqPOC,META_SynaptiqPOC,2026-06-18 02:00:00
ENC-20260618-PER-003503-00042-O01,PER-003503,PAT-003503,ENC-20260618-PER-003503-00042,PANEL-ENC-20260618-PER-003503-00042,2026-06-19,vital-signs,LOINC,39156-5,BMI,24.0,kg/m2,kg/m2,18.0,50.0,18.0,50.0,2026-06-18 02:00:00,SynaptiqPOC,META_SynaptiqPOC,2026-06-18 02:00:00
ENC-20260618-PER-003503-00042-O02,PER-003503,PAT-003503,ENC-20260618-PER-003503-00042,PANEL-ENC-20260618-PER-003503-00042,2026-06-19,vital-signs,LOINC,8462-4,Diastolic BP,80.1,mmHg,mmHg,50.0,120.0,50.0,120.0,2026-06-18 02:00:00,SynaptiqPOC,META_SynaptiqPOC,2026-06-18 02:00:00
ENC-20260618-PER-001773-00043-O00,PER-001773,PAT-001773,ENC-20260618-PER-001773-00043,PANEL-ENC-20260618-PER-001773-00043,2026-06-18,vital-signs,LOINC,8462-4,Diastolic BP,114.4,mmHg,mmHg,50.0,120.0,50.0,120.0,2026-06-18 02:00:00,SynaptiqPOC,META_SynaptiqPOC,2026-06-18 02:00:00
ENC-20260618-PER-001773-00043-O01,PER-001773,PAT-001773,ENC-20260618-PER-001773-00043,PANEL-ENC-20260618-PER-001773-00043,2026-06-18,vital-signs,LOINC,8462-4,Diastolic BP,95.6,mmHg,mmHg,50.0,120.0,50.0,120.0,2026-06-18 02:00:00,SynaptiqPOC,META_SynaptiqPOC,2026-06-18 02:00:00
ENC-20260618-PER-000340-00044-O00,PER-000340,PAT-000340,ENC-20260618-PER-000340-00044,PANEL-ENC-20260618-PER-000340-00044,2026-06-19,vital-signs,LOINC,3141-9,Body Weight,73.2,kg,kg,45.0,160.0,45.0,160.0,2026-06-18 02:00:00,SynaptiqPOC,META_SynaptiqPOC,2026-06-18 02:00:00
ENC-20260618-PER-000340-00044-O01,PER-000340,PAT-000340,ENC-20260618-PER-000340-00044,PANEL-ENC-20260618-PER-000340-00044,2026-06-19,vital-signs,LOINC,3141-9,Body Weight,146.8,kg,kg,45.0,160.0,45.0,160.0,2026-06-18 02:00:00,SynaptiqPOC,META_SynaptiqPOC,2026-06-18 02:00:00
ENC-20260618-PER-000340-00044-O02,PER-000340,PAT-000340,ENC-20260618-PER-000340-00044,PANEL-ENC-20260618-PER-000340-00044,2026-06-19,vital-signs,LOINC,8480-6,Systolic BP,102.5,mmHg,mmHg,90.0,180.0,90.0,180.0,2026-06-18 02:00:00,SynaptiqPOC,META_SynaptiqPOC,2026-06-18 02:00:00
ENC-20260618-PER-000340-00044-O03,PER-000340,PAT-000340,ENC-20260618-PER-000340-00044,PANEL-ENC-20260618-PER-000340-00044,2026-06-19,vital-signs,LOINC,3141-9,Body Weight,51.2,kg,kg,45.0,160.0,45.0,160.0,2026-06-18 02:00:00,SynaptiqPOC,META_SynaptiqPOC,2026-06-18 02:00:00
ENC-20260618-PER-004854-00045-O00,PER-004854,PAT-004854,ENC-20260618-PER-004854-00045,PANEL-ENC-20260618-PER-004854-00045,2026-06-18,vital-signs,LOINC,8867-4,Heart Rate,108.7,bpm,bpm,50.0,120.0,50.0,120.0,2026-06-18 02:00:00,SynaptiqPOC,META_SynaptiqPOC,2026-06-18 02:00:00
ENC-20260618-PER-004854-00045-O01,PER-004854,PAT-004854,ENC-20260618-PER-004854-00045,PANEL-ENC-20260618-PER-004854-00045,2026-06-18,vital-signs,LOINC,39156-5,BMI,20.9,kg/m2,kg/m2,18.0,50.0,18.0,50.0,2026-06-18 02:00:00,SynaptiqPOC,META_SynaptiqPOC,2026-06-18 02:00:00
ENC-20260618-PER-004854-00045-O02,PER-004854,PAT-004854,ENC-20260618-PER-004854-00045,PANEL-ENC-20260618-PER-004854-00045,2026-06-18,vital-signs,LOINC,39156-5,BMI,21.9,kg/m2,kg/m2,18.0,50.0,18.0,50.0,2026-06-18 02:00:00,SynaptiqPOC,META_SynaptiqPOC,2026-06-18 02:00:00
ENC-20260618-PER-002229-00046-O00,PER-002229,PAT-002229,ENC-20260618-PER-002229-00046,PANEL-ENC-20260618-PER-002229-00046,2026-06-17,vital-signs,LOINC,8867-4,Heart Rate,82.3,bpm,bpm,50.0,120.0,50.0,120.0,2026-06-18 02:00:00,SynaptiqPOC,META_SynaptiqPOC,2026-06-18 02:00:00
ENC-20260618-PER-002229-00046-O01,PER-002229,PAT-002229,ENC-20260618-PER-002229-00046,PANEL-ENC-20260618-PER-002229-00046,2026-06-17,vital-signs,LOINC,8480-6,Systolic BP,109.9,mmHg,mmHg,90.0,180.0,90.0,180.0,2026-06-18 02:00:00,SynaptiqPOC,META_SynaptiqPOC,2026-06-18 02:00:00
ENC-20260618-PER-002229-00046-O02,PER-002229,PAT-002229,ENC-20260618-PER-002229-00046,PANEL-ENC-20260618-PER-002229-00046,2026-06-17,vital-signs,LOINC,8480-6,Systolic BP,143.4,mmHg,mmHg,90.0,180.0,90.0,180.0,2026-06-18 02:00:00,SynaptiqPOC,META_SynaptiqPOC,2026-06-18 02:00:00
ENC-20260618-PER-004466-00047-O00,PER-004466,PAT-004466,ENC-20260618-PER-004466-00047,PANEL-ENC-20260618-PER-004466-00047,2026-06-17,vital-signs,LOINC,3141-9,Body Weight,69.2,kg,kg,45.0,160.0,45.0,160.0,2026-06-18 02:00:00,SynaptiqPOC,META_SynaptiqPOC,2026-06-18 02:00:00
ENC-20260618-PER-004466-00047-O01,PER-004466,PAT-004466,ENC-20260618-PER-004466-00047,PANEL-ENC-20260618-PER-004466-00047,2026-06-17,vital-signs,LOINC,8480-6,Systolic BP,149.1,mmHg,mmHg,90.0,180.0,90.0,180.0,2026-06-18 02:00:00,SynaptiqPOC,META_SynaptiqPOC,2026-06-18 02:00:00
ENC-20260618-PER-004466-00047-O02,PER-004466,PAT-004466,ENC-20260618-PER-004466-00047,PANEL-ENC-20260618-PER-004466-00047,2026-06-17,vital-signs,LOINC,8480-6,Systolic BP,157.5,mmHg,mmHg,90.0,180.0,90.0,180.0,2026-06-18 02:00:00,SynaptiqPOC,META_SynaptiqPOC,2026-06-18 02:00:00
ENC-20260618-PER-004466-00047-O03,PER-004466,PAT-004466,ENC-20260618-PER-004466-00047,PANEL-ENC-20260618-PER-004466-00047,2026-06-17,vital-signs,LOINC,8480-6,Systolic BP,95.3,mmHg,mmHg,90.0,180.0,90.0,180.0,2026-06-18 02:00:00,SynaptiqPOC,META_SynaptiqPOC,2026-06-18 02:00:00
ENC-20260618-PER-003390-00048-O00,PER-003390,PAT-003390,ENC-20260618-PER-003390-00048,PANEL-ENC-20260618-PER-003390-00048,2026-06-19,vital-signs,LOINC,39156-5,BMI,26.8,kg/m2,kg/m2,18.0,50.0,18.0,50.0,2026-06-18 02:00:00,SynaptiqPOC,META_SynaptiqPOC,2026-06-18 02:00:00
ENC-20260618-PER-003390-00048-O01,PER-003390,PAT-003390,ENC-20260618-PER-003390-00048,PANEL-ENC-20260618-PER-003390-00048,2026-06-19,vital-signs,LOINC,8462-4,Diastolic BP,77.3,mmHg,mmHg,50.0,120.0,50.0,120.0,2026-06-18 02:00:00,SynaptiqPOC,META_SynaptiqPOC,2026-06-18 02:00:00
ENC-20260618-PER-003892-00049-O00,PER-003892,PAT-003892,ENC-20260618-PER-003892-00049,PANEL-ENC-20260618-PER-003892-00049,2026-06-17,vital-signs,LOINC,8867-4,Heart Rate,85.3,bpm,bpm,50.0,120.0,50.0,120.0,2026-06-18 02:00:00,SynaptiqPOC,META_SynaptiqPOC,2026-06-18 02:00:00
ENC-20260618-PER-003892-00049-O01,PER-003892,PAT-003892,ENC-20260618-PER-003892-00049,PANEL-ENC-20260618-PER-003892-00049,2026-06-17,vital-signs,LOINC,8480-6,Systolic BP,177.2,mmHg,mmHg,90.0,180.0,90.0,180.0,2026-06-18 02:00:00,SynaptiqPOC,META_SynaptiqPOC,2026-06-18 02:00:00
ENC-20260618-PER-003892-00049-O02,PER-003892,PAT-003892,ENC-20260618-PER-003892-00049,PANEL-ENC-20260618-PER-003892-00049,2026-06-17,vital-signs,LOINC,3141-9,Body Weight,83.5,kg,kg,45.0,160.0,45.0,160.0,2026-06-18 02:00:00,SynaptiqPOC,META_SynaptiqPOC,2026-06-18 02:00:00
ENC-20260618-PER-003892-00049-O03,PER-003892,PAT-003892,ENC-20260618-PER-003892-00049,PANEL-ENC-20260618-PER-003892-00049,2026-06-17,vital-signs,LOINC,3141-9,Body Weight,147.4,kg,kg,45.0,160.0,45.0,160.0,2026-06-18 02:00:00,SynaptiqPOC,META_SynaptiqPOC,2026-06-18 02:00:00
ENC-20260618-PER-003800-00050-O00,PER-003800,PAT-003800,ENC-20260618-PER-003800-00050,PANEL-ENC-20260618-PER-003800-00050,2026-06-18,vital-signs,LOINC,8867-4,Heart Rate,113.5,bpm,bpm,50.0,120.0,50.0,120.0,2026-06-18 02:00:00,SynaptiqPOC,META_SynaptiqPOC,2026-06-18 02:00:00
ENC-20260618-PER-003800-00050-O01,PER-003800,PAT-003800,ENC-20260618-PER-003800-00050,PANEL-ENC-20260618-PER-003800-00050,2026-06-18,vital-signs,LOINC,8867-4,Heart Rate,119.4,bpm,bpm,50.0,120.0,50.0,120.0,2026-06-18 02:00:00,SynaptiqPOC,META_SynaptiqPOC,2026-06-18 02:00:00
ENC-20260618-PER-003800-00050-O02,PER-003800,PAT-003800,ENC-20260618-PER-003800-00050,PANEL-ENC-20260618-PER-003800-00050,2026-06-18,vital-signs,LOINC,39156-5,BMI,27.3,kg/m2,kg/m2,18.0,50.0,18.0,50.0,2026-06-18 02:00:00,SynaptiqPOC,META_SynaptiqPOC,2026-06-18 02:00:00
ENC-20260618-PER-003800-00050-O03,PER-003800,PAT-003800,ENC-20260618-PER-003800-00050,PANEL-ENC-20260618-PER-003800-00050,2026-06-18,vital-signs,LOINC,3141-9,Body Weight,136.5,kg,kg,45.0,160.0,45.0,160.0,2026-06-18 02:00:00,SynaptiqPOC,META_SynaptiqPOC,2026-06-18 02:00:00
ENC-20260618-PER-000974-00051-O00,PER-000974,PAT-000974,ENC-20260618-PER-000974-00051,PANEL-ENC-20260618-PER-000974-00051,2026-06-19,vital-signs,LOINC,8462-4,Diastolic BP,69.5,mmHg,mmHg,50.0,120.0,50.0,120.0,2026-06-18 02:00:00,SynaptiqPOC,META_SynaptiqPOC,2026-06-18 02:00:00
ENC-20260618-PER-000974-00051-O01,PER-000974,PAT-000974,ENC-20260618-PER-000974-00051,PANEL-ENC-20260618-PER-000974-00051,2026-06-19,vital-signs,LOINC,3141-9,Body Weight,156.0,kg,kg,45.0,160.0,45.0,160.0,2026-06-18 02:00:00,SynaptiqPOC,META_SynaptiqPOC,2026-06-18 02:00:00
ENC-20260618-PER-001820-00052-O00,PER-001820,PAT-001820,ENC-20260618-PER-001820-00052,PANEL-ENC-20260618-PER-001820-00052,2026-06-17,vital-signs,LOINC,39156-5,BMI,26.0,kg/m2,kg/m2,18.0,50.0,18.0,50.0,2026-06-18 02:00:00,SynaptiqPOC,META_SynaptiqPOC,2026-06-18 02:00:00
ENC-20260618-PER-001820-00052-O01,PER-001820,PAT-001820,ENC-20260618-PER-001820-00052,PANEL-ENC-20260618-PER-001820-00052,2026-06-17,vital-signs,LOINC,3141-9,Body Weight,63.6,kg,kg,45.0,160.0,45.0,160.0,2026-06-18 02:00:00,SynaptiqPOC,META_SynaptiqPOC,2026-06-18 02:00:00
ENC-20260618-PER-001820-00052-O02,PER-001820,PAT-001820,ENC-20260618-PER-001820-00052,PANEL-ENC-20260618-PER-001820-00052,2026-06-17,vital-signs,LOINC,8462-4,Diastolic BP,100.6,mmHg,mmHg,50.0,120.0,50.0,120.0,2026-06-18 02:00:00,SynaptiqPOC,META_SynaptiqPOC,2026-06-18 02:00:00
ENC-20260618-PER-001820-00052-O03,PER-001820,PAT-001820,ENC-20260618-PER-001820-00052,PANEL-ENC-20260618-PER-001820-00052,2026-06-17,vital-signs,LOINC,3141-9,Body Weight,55.2,kg,kg,45.0,160.0,45.0,160.0,2026-06-18 02:00:00,SynaptiqPOC,META_SynaptiqPOC,2026-06-18 02:00:00
ENC-20260618-PER-002334-00053-O00,PER-002334,PAT-002334,ENC-20260618-PER-002334-00053,PANEL-ENC-20260618-PER-002334-00053,2026-06-18,vital-signs,LOINC,8480-6,Systolic BP,153.8,mmHg,mmHg,90.0,180.0,90.0,180.0,2026-06-18 02:00:00,SynaptiqPOC,META_SynaptiqPOC,2026-06-18 02:00:00
ENC-20260618-PER-002334-00053-O01,PER-002334,PAT-002334,ENC-20260618-PER-002334-00053,PANEL-ENC-20260618-PER-002334-00053,2026-06-18,vital-signs,LOINC,39156-5,BMI,25.7,kg/m2,kg/m2,18.0,50.0,18.0,50.0,2026-06-18 02:00:00,SynaptiqPOC,META_SynaptiqPOC,2026-06-18 02:00:00
ENC-20260618-PER-002334-00053-O02,PER-002334,PAT-002334,ENC-20260618-PER-002334-00053,PANEL-ENC-20260618-PER-002334-00053,2026-06-18,vital-signs,LOINC,8867-4,Heart Rate,109.2,bpm,bpm,50.0,120.0,50.0,120.0,2026-06-18 02:00:00,SynaptiqPOC,META_SynaptiqPOC,2026-06-18 02:00:00
ENC-20260618-PER-002334-00053-O03,PER-002334,PAT-002334,ENC-20260618-PER-002334-00053,PANEL-ENC-20260618-PER-002334-00053,2026-06-18,vital-signs,LOINC,3141-9,Body Weight,154.5,kg,kg,45.0,160.0,45.0,160.0,2026-06-18 02:00:00,SynaptiqPOC,META_SynaptiqPOC,2026-06-18 02:00:00
ENC-20260618-PER-002489-00054-O00,PER-002489,PAT-002489,ENC-20260618-PER-002489-00054,PANEL-ENC-20260618-PER-002489-00054,2026-06-17,vital-signs,LOINC,8462-4,Diastolic BP,85.4,mmHg,mmHg,50.0,120.0,50.0,120.0,2026-06-18 02:00:00,SynaptiqPOC,META_SynaptiqPOC,2026-06-18 02:00:00
ENC-20260618-PER-002489-00054-O01,PER-002489,PAT-002489,ENC-20260618-PER-002489-00054,PANEL-ENC-20260618-PER-002489-00054,2026-06-17,vital-signs,LOINC,3141-9,Body Weight,106.1,kg,kg,45.0,160.0,45.0,160.0,2026-06-18 02:00:00,SynaptiqPOC,META_SynaptiqPOC,2026-06-18 02:00:00
ENC-20260618-PER-002489-00054-O02,PER-002489,PAT-002489,ENC-20260618-PER-002489-00054,PANEL-ENC-20260618-PER-002489-00054,2026-06-17,vital-signs,LOINC,8480-6,Systolic BP,153.6,mmHg,mmHg,90.0,180.0,90.0,180.0,2026-06-18 02:00:00,SynaptiqPOC,META_SynaptiqPOC,2026-06-18 02:00:00
ENC-20260618-PER-000220-00055-O00,PER-000220,PAT-000220,ENC-20260618-PER-000220-00055,PANEL-ENC-20260618-PER-000220-00055,2026-06-18,vital-signs,LOINC,39156-5,BMI,15.0,kg/m2,kg/m2,18.0,50.0,18.0,50.0,2026-06-18 02:00:00,SynaptiqPOC,META_SynaptiqPOC,2026-06-18 02:00:00
ENC-20260618-PER-000220-00055-O01,PER-000220,PAT-000220,ENC-20260618-PER-000220-00055,PANEL-ENC-20260618-PER-000220-00055,2026-06-18,vital-signs,LOINC,3141-9,Body Weight,88.5,kg,kg,45.0,160.0,45.0,160.0,2026-06-18 02:00:00,SynaptiqPOC,META_SynaptiqPOC,2026-06-18 02:00:00
ENC-20260618-PER-000220-00055-O02,PER-000220,PAT-000220,ENC-20260618-PER-000220-00055,PANEL-ENC-20260618-PER-000220-00055,2026-06-18,vital-signs,LOINC,8867-4,Heart Rate,110.6,bpm,bpm,50.0,120.0,50.0,120.0,2026-06-18 02:00:00,SynaptiqPOC,META_SynaptiqPOC,2026-06-18 02:00:00
ENC-20260618-PER-002733-00056-O00,PER-002733,PAT-002733,ENC-20260618-PER-002733-00056,PANEL-ENC-20260618-PER-002733-00056,2026-06-17,vital-signs,LOINC,39156-5,BMI,25.9,kg/m2,kg/m2,18.0,50.0,18.0,50.0,2026-06-18 02:00:00,SynaptiqPOC,META_SynaptiqPOC,2026-06-18 02:00:00
ENC-20260618-PER-002733-00056-O01,PER-002733,PAT-002733,ENC-20260618-PER-002733-00056,PANEL-ENC-20260618-PER-002733-00056,2026-06-17,vital-signs,LOINC,8462-4,Diastolic BP,109.3,mmHg,mmHg,50.0,120.0,50.0,120.0,2026-06-18 02:00:00,SynaptiqPOC,META_SynaptiqPOC,2026-06-18 02:00:00
ENC-20260618-PER-002733-00056-O02,PER-002733,PAT-002733,ENC-20260618-PER-002733-00056,PANEL-ENC-20260618-PER-002733-00056,2026-06-17,vital-signs,LOINC,8480-6,Systolic BP,142.1,mmHg,mmHg,90.0,180.0,90.0,180.0,2026-06-18 02:00:00,SynaptiqPOC,META_SynaptiqPOC,2026-06-18 02:00:00
ENC-20260618-PER-002733-00056-O03,PER-002733,PAT-002733,ENC-20260618-PER-002733-00056,PANEL-ENC-20260618-PER-002733-00056,2026-06-17,vital-signs,LOINC,39156-5,BMI,28.7,kg/m2,kg/m2,18.0,50.0,18.0,50.0,2026-06-18 02:00:00,SynaptiqPOC,META_SynaptiqPOC,2026-06-18 02:00:00
ENC-20260618-PER-000772-00057-O00,PER-000772,PAT-000772,ENC-20260618-PER-000772-00057,PANEL-ENC-20260618-PER-000772-00057,2026-06-19,vital-signs,LOINC,8480-6,Systolic BP,176.2,mmHg,mmHg,90.0,180.0,90.0,180.0,2026-06-18 02:00:00,SynaptiqPOC,META_SynaptiqPOC,2026-06-18 02:00:00
ENC-20260618-PER-000772-00057-O01,PER-000772,PAT-000772,ENC-20260618-PER-000772-00057,PANEL-ENC-20260618-PER-000772-00057,2026-06-19,vital-signs,LOINC,8462-4,Diastolic BP,85.6,mmHg,mmHg,50.0,120.0,50.0,120.0,2026-06-18 02:00:00,SynaptiqPOC,META_SynaptiqPOC,2026-06-18 02:00:00
ENC-20260618-PER-003717-00058-O00,PER-003717,PAT-003717,ENC-20260618-PER-003717-00058,PANEL-ENC-20260618-PER-003717-00058,2026-06-17,vital-signs,LOINC,8867-4,Heart Rate,102.2,bpm,bpm,50.0,120.0,50.0,120.0,2026-06-18 02:00:00,SynaptiqPOC,META_SynaptiqPOC,2026-06-18 02:00:00
ENC-20260618-PER-003717-00058-O01,PER-003717,PAT-003717,ENC-20260618-PER-003717-00058,PANEL-ENC-20260618-PER-003717-00058,2026-06-17,vital-signs,LOINC,8867-4,Heart Rate,76.5,bpm,bpm,50.0,120.0,50.0,120.0,2026-06-18 02:00:00,SynaptiqPOC,META_SynaptiqPOC,2026-06-18 02:00:00
ENC-20260618-PER-003416-00059-O00,PER-003416,PAT-003416,ENC-20260618-PER-003416-00059,PANEL-ENC-20260618-PER-003416-00059,2026-06-19,vital-signs,LOINC,8462-4,Diastolic BP,60.6,mmHg,mmHg,50.0,120.0,50.0,120.0,2026-06-18 02:00:00,SynaptiqPOC,META_SynaptiqPOC,2026-06-18 02:00:00
ENC-20260618-PER-003416-00059-O01,PER-003416,PAT-003416,ENC-20260618-PER-003416-00059,PANEL-ENC-20260618-PER-003416-00059,2026-06-19,vital-signs,LOINC,8867-4,Heart Rate,100.0,bpm,bpm,50.0,120.0,50.0,120.0,2026-06-18 02:00:00,SynaptiqPOC,META_SynaptiqPOC,2026-06-18 02:00:00
ENC-20260618-PER-003416-00059-O02,PER-003416,PAT-003416,ENC-20260618-PER-003416-00059,PANEL-ENC-20260618-PER-003416-00059,2026-06-19,vital-signs,LOINC,8867-4,Heart Rate,111.1,bpm,bpm,50.0,120.0,50.0,120.0,2026-06-18 02:00:00,SynaptiqPOC,META_SynaptiqPOC,2026-06-18 02:00:00
ENC-20260618-PER-004613-00060-O00,PER-004613,PAT-004613,ENC-20260618-PER-004613-00060,PANEL-ENC-20260618-PER-004613-00060,2026-06-19,vital-signs,LOINC,3141-9,Body Weight,77.7,kg,kg,45.0,160.0,45.0,160.0,2026-06-18 02:00:00,SynaptiqPOC,META_SynaptiqPOC,2026-06-18 02:00:00
ENC-20260618-PER-004613-00060-O01,PER-004613,PAT-004613,ENC-20260618-PER-004613-00060,PANEL-ENC-20260618-PER-004613-00060,2026-06-19,vital-signs,LOINC,3141-9,Body Weight,118.4,kg,kg,45.0,160.0,45.0,160.0,2026-06-18 02:00:00,SynaptiqPOC,META_SynaptiqPOC,2026-06-18 02:00:00
ENC-20260618-PER-004613-00060-O02,PER-004613,PAT-004613,ENC-20260618-PER-004613-00060,PANEL-ENC-20260618-PER-004613-00060,2026-06-19,vital-signs,LOINC,8480-6,Systolic BP,175.9,mmHg,mmHg,90.0,180.0,90.0,180.0,2026-06-18 02:00:00,SynaptiqPOC,META_SynaptiqPOC,2026-06-18 02:00:00
ENC-20260618-PER-004613-00060-O03,PER-004613,PAT-004613,ENC-20260618-PER-004613-00060,PANEL-ENC-20260618-PER-004613-00060,2026-06-19,vital-signs,LOINC,3141-9,Body Weight,128.6,kg,kg,45.0,160.0,45.0,160.0,2026-06-18 02:00:00,SynaptiqPOC,META_SynaptiqPOC,2026-06-18 02:00:00
ENC-20260618-PER-003724-00061-O00,PER-003724,PAT-003724,ENC-20260618-PER-003724-00061,PANEL-ENC-20260618-PER-003724-00061,2026-06-19,vital-signs,LOINC,8867-4,Heart Rate,104.1,bpm,bpm,50.0,120.0,50.0,120.0,2026-06-18 02:00:00,SynaptiqPOC,META_SynaptiqPOC,2026-06-18 02:00:00
ENC-20260618-PER-003724-00061-O01,PER-003724,PAT-003724,ENC-20260618-PER-003724-00061,PANEL-ENC-20260618-PER-003724-00061,2026-06-19,vital-signs,LOINC,8867-4,Heart Rate,114.3,bpm,bpm,50.0,120.0,50.0,120.0,2026-06-18 02:00:00,SynaptiqPOC,META_SynaptiqPOC,2026-06-18 02:00:00
ENC-20260618-PER-003724-00061-O02,PER-003724,PAT-003724,ENC-20260618-PER-003724-00061,PANEL-ENC-20260618-PER-003724-00061,2026-06-19,vital-signs,LOINC,8867-4,Heart Rate,103.4,bpm,bpm,50.0,120.0,50.0,120.0,2026-06-18 02:00:00,SynaptiqPOC,META_SynaptiqPOC,2026-06-18 02:00:00
ENC-20260618-PER-001834-00062-O00,PER-001834,PAT-001834,ENC-20260618-PER-001834-00062,PANEL-ENC-20260618-PER-001834-00062,2026-06-19,vital-signs,LOINC,39156-5,BMI,30.3,kg/m2,kg/m2,18.0,50.0,18.0,50.0,2026-06-18 02:00:00,SynaptiqPOC,META_SynaptiqPOC,2026-06-18 02:00:00
ENC-20260618-PER-001834-00062-O01,PER-001834,PAT-001834,ENC-20260618-PER-001834-00062,PANEL-ENC-20260618-PER-001834-00062,2026-06-19,vital-signs,LOINC,8462-4,Diastolic BP,85.0,mmHg,mmHg,50.0,120.0,50.0,120.0,2026-06-18 02:00:00,SynaptiqPOC,META_SynaptiqPOC,2026-06-18 02:00:00
ENC-20260618-PER-004838-00063-O00,PER-004838,PAT-004838,ENC-20260618-PER-004838-00063,PANEL-ENC-20260618-PER-004838-00063,2026-06-17,vital-signs,LOINC,8462-4,Diastolic BP,85.6,mmHg,mmHg,50.0,120.0,50.0,120.0,2026-06-18 02:00:00,SynaptiqPOC,META_SynaptiqPOC,2026-06-18 02:00:00
ENC-20260618-PER-004838-00063-O01,PER-004838,PAT-004838,ENC-20260618-PER-004838-00063,PANEL-ENC-20260618-PER-004838-00063,2026-06-17,vital-signs,LOINC,8462-4,Diastolic BP,83.0,mmHg,mmHg,50.0,120.0,50.0,120.0,2026-06-18 02:00:00,SynaptiqPOC,META_SynaptiqPOC,2026-06-18 02:00:00
ENC-20260618-PER-004838-00063-O02,PER-004838,PAT-004838,ENC-20260618-PER-004838-00063,PANEL-ENC-20260618-PER-004838-00063,2026-06-17,vital-signs,LOINC,8867-4,Heart Rate,74.4,bpm,bpm,50.0,120.0,50.0,120.0,2026-06-18 02:00:00,SynaptiqPOC,META_SynaptiqPOC,2026-06-18 02:00:00
ENC-20260618-PER-002055-00064-O00,PER-002055,PAT-002055,ENC-20260618-PER-002055-00064,PANEL-ENC-20260618-PER-002055-00064,2026-06-19,vital-signs,LOINC,8480-6,Systolic BP,101.6,mmHg,mmHg,90.0,180.0,90.0,180.0,2026-06-18 02:00:00,SynaptiqPOC,META_SynaptiqPOC,2026-06-18 02:00:00
ENC-20260618-PER-002055-00064-O01,PER-002055,PAT-002055,ENC-20260618-PER-002055-00064,PANEL-ENC-20260618-PER-002055-00064,2026-06-19,vital-signs,LOINC,39156-5,BMI,19.3,kg/m2,kg/m2,18.0,50.0,18.0,50.0,2026-06-18 02:00:00,SynaptiqPOC,META_SynaptiqPOC,2026-06-18 02:00:00
ENC-20260618-PER-001630-00065-O00,PER-001630,PAT-001630,ENC-20260618-PER-001630-00065,PANEL-ENC-20260618-PER-001630-00065,2026-06-18,vital-signs,LOINC,8867-4,Heart Rate,64.4,bpm,bpm,50.0,120.0,50.0,120.0,2026-06-18 02:00:00,SynaptiqPOC,META_SynaptiqPOC,2026-06-18 02:00:00
ENC-20260618-PER-001630-00065-O01,PER-001630,PAT-001630,ENC-20260618-PER-001630-00065,PANEL-ENC-20260618-PER-001630-00065,2026-06-18,vital-signs,LOINC,3141-9,Body Weight,108.6,kg,kg,45.0,160.0,45.0,160.0,2026-06-18 02:00:00,SynaptiqPOC,META_SynaptiqPOC,2026-06-18 02:00:00
ENC-20260618-PER-001630-00065-O02,PER-001630,PAT-001630,ENC-20260618-PER-001630-00065,PANEL-ENC-20260618-PER-001630-00065,2026-06-18,vital-signs,LOINC,8462-4,Diastolic BP,99.1,mmHg,mmHg,50.0,120.0,50.0,120.0,2026-06-18 02:00:00,SynaptiqPOC,META_SynaptiqPOC,2026-06-18 02:00:00
ENC-20260618-PER-001630-00065-O03,PER-001630,PAT-001630,ENC-20260618-PER-001630-00065,PANEL-ENC-20260618-PER-001630-00065,2026-06-18,vital-signs,LOINC,39156-5,BMI,26.9,kg/m2,kg/m2,18.0,50.0,18.0,50.0,2026-06-18 02:00:00,SynaptiqPOC,META_SynaptiqPOC,2026-06-18 02:00:00
ENC-20260618-PER-004528-00066-O00,PER-004528,PAT-004528,ENC-20260618-PER-004528-00066,PANEL-ENC-20260618-PER-004528-00066,2026-06-19,vital-signs,LOINC,8462-4,Diastolic BP,99.3,mmHg,mmHg,50.0,120.0,50.0,120.0,2026-06-18 02:00:00,SynaptiqPOC,META_SynaptiqPOC,2026-06-18 02:00:00
ENC-20260618-PER-004528-00066-O01,PER-004528,PAT-004528,ENC-20260618-PER-004528-00066,PANEL-ENC-20260618-PER-004528-00066,2026-06-19,vital-signs,LOINC,8480-6,Systolic BP,115.6,mmHg,mmHg,90.0,180.0,90.0,180.0,2026-06-18 02:00:00,SynaptiqPOC,META_SynaptiqPOC,2026-06-18 02:00:00
ENC-20260618-PER-004528-00066-O02,PER-004528,PAT-004528,ENC-20260618-PER-004528-00066,PANEL-ENC-20260618-PER-004528-00066,2026-06-19,vital-signs,LOINC,8462-4,Diastolic BP,64.3,mmHg,mmHg,50.0,120.0,50.0,120.0,2026-06-18 02:00:00,SynaptiqPOC,META_SynaptiqPOC,2026-06-18 02:00:00
ENC-20260618-PER-001853-00067-O00,PER-001853,PAT-001853,ENC-20260618-PER-001853-00067,PANEL-ENC-20260618-PER-001853-00067,2026-06-19,vital-signs,LOINC,8462-4,Diastolic BP,70.4,mmHg,mmHg,50.0,120.0,50.0,120.0,2026-06-18 02:00:00,SynaptiqPOC,META_SynaptiqPOC,2026-06-18 02:00:00
ENC-20260618-PER-001853-00067-O01,PER-001853,PAT-001853,ENC-20260618-PER-001853-00067,PANEL-ENC-20260618-PER-001853-00067,2026-06-19,vital-signs,LOINC,8462-4,Diastolic BP,82.4,mmHg,mmHg,50.0,120.0,50.0,120.0,2026-06-18 02:00:00,SynaptiqPOC,META_SynaptiqPOC,2026-06-18 02:00:00
ENC-20260618-PER-001853-00067-O02,PER-001853,PAT-001853,ENC-20260618-PER-001853-00067,PANEL-ENC-20260618-PER-001853-00067,2026-06-19,vital-signs,LOINC,39156-5,BMI,24.0,kg/m2,kg/m2,18.0,50.0,18.0,50.0,2026-06-18 02:00:00,SynaptiqPOC,META_SynaptiqPOC,2026-06-18 02:00:00
ENC-20260618-PER-000382-00068-O00,PER-000382,PAT-000382,ENC-20260618-PER-000382-00068,PANEL-ENC-20260618-PER-000382-00068,2026-06-18,vital-signs,LOINC,8480-6,Systolic BP,157.8,mmHg,mmHg,90.0,180.0,90.0,180.0,2026-06-18 02:00:00,SynaptiqPOC,META_SynaptiqPOC,2026-06-18 02:00:00
ENC-20260618-PER-000382-00068-O01,PER-000382,PAT-000382,ENC-20260618-PER-000382-00068,PANEL-ENC-20260618-PER-000382-00068,2026-06-18,vital-signs,LOINC,3141-9,Body Weight,64.9,kg,kg,45.0,160.0,45.0,160.0,2026-06-18 02:00:00,SynaptiqPOC,META_SynaptiqPOC,2026-06-18 02:00:00
ENC-20260618-PER-000382-00068-O02,PER-000382,PAT-000382,ENC-20260618-PER-000382-00068,PANEL-ENC-20260618-PER-000382-00068,2026-06-18,vital-signs,LOINC,8462-4,Diastolic BP,111.4,mmHg,mmHg,50.0,120.0,50.0,120.0,2026-06-18 02:00:00,SynaptiqPOC,META_SynaptiqPOC,2026-06-18 02:00:00
ENC-20260618-PER-002348-00069-O00,PER-002348,PAT-002348,ENC-20260618-PER-002348-00069,PANEL-ENC-20260618-PER-002348-00069,2026-06-18,vital-signs,LOINC,8867-4,Heart Rate,64.1,bpm,bpm,50.0,120.0,50.0,120.0,2026-06-18 02:00:00,SynaptiqPOC,META_SynaptiqPOC,2026-06-18 02:00:00
ENC-20260618-PER-002348-00069-O01,PER-002348,PAT-002348,ENC-20260618-PER-002348-00069,PANEL-ENC-20260618-PER-002348-00069,2026-06-18,vital-signs,LOINC,8462-4,Diastolic BP,59.6,mmHg,mmHg,50.0,120.0,50.0,120.0,2026-06-18 02:00:00,SynaptiqPOC,META_SynaptiqPOC,2026-06-18 02:00:00
ENC-20260618-PER-002348-00069-O02,PER-002348,PAT-002348,ENC-20260618-PER-002348-00069,PANEL-ENC-20260618-PER-002348-00069,2026-06-18,vital-signs,LOINC,8480-6,Systolic BP,146.3,mmHg,mmHg,90.0,180.0,90.0,180.0,2026-06-18 02:00:00,SynaptiqPOC,META_SynaptiqPOC,2026-06-18 02:00:00
ENC-20260618-PER-002348-00069-O03,PER-002348,PAT-002348,ENC-20260618-PER-002348-00069,PANEL-ENC-20260618-PER-002348-00069,2026-06-18,vital-signs,LOINC,8480-6,Systolic BP,118.7,mmHg,mmHg,90.0,180.0,90.0,180.0,2026-06-18 02:00:00,SynaptiqPOC,META_SynaptiqPOC,2026-06-18 02:00:00
ENC-20260618-PER-003979-00070-O00,PER-003979,PAT-003979,ENC-20260618-PER-003979-00070,PANEL-ENC-20260618-PER-003979-00070,2026-06-17,vital-signs,LOINC,3141-9,Body Weight,132.3,kg,kg,45.0,160.0,45.0,160.0,2026-06-18 02:00:00,SynaptiqPOC,META_SynaptiqPOC,2026-06-18 02:00:00
ENC-20260618-PER-003979-00070-O01,PER-003979,PAT-003979,ENC-20260618-PER-003979-00070,PANEL-ENC-20260618-PER-003979-00070,2026-06-17,vital-signs,LOINC,8480-6,Systolic BP,161.4,mmHg,mmHg,90.0,180.0,90.0,180.0,2026-06-18 02:00:00,SynaptiqPOC,META_SynaptiqPOC,2026-06-18 02:00:00
ENC-20260618-PER-003979-00070-O02,PER-003979,PAT-003979,ENC-20260618-PER-003979-00070,PANEL-ENC-20260618-PER-003979-00070,2026-06-17,vital-signs,LOINC,8480-6,Systolic BP,104.0,mmHg,mmHg,90.0,180.0,90.0,180.0,2026-06-18 02:00:00,SynaptiqPOC,META_SynaptiqPOC,2026-06-18 02:00:00
ENC-20260618-PER-003979-00070-O03,PER-003979,PAT-003979,ENC-20260618-PER-003979-00070,PANEL-ENC-20260618-PER-003979-00070,2026-06-17,vital-signs,LOINC,8462-4,Diastolic BP,89.0,mmHg,mmHg,50.0,120.0,50.0,120.0,2026-06-18 02:00:00,SynaptiqPOC,META_SynaptiqPOC,2026-06-18 02:00:00
ENC-20260618-PER-000948-00071-O00,PER-000948,PAT-000948,ENC-20260618-PER-000948-00071,PANEL-ENC-20260618-PER-000948-00071,2026-06-17,vital-signs,LOINC,8867-4,Heart Rate,64.5,bpm,bpm,50.0,120.0,50.0,120.0,2026-06-18 02:00:00,SynaptiqPOC,META_SynaptiqPOC,2026-06-18 02:00:00
ENC-20260618-PER-000948-00071-O01,PER-000948,PAT-000948,ENC-20260618-PER-000948-00071,PANEL-ENC-20260618-PER-000948-00071,2026-06-17,vital-signs,LOINC,3141-9,Body Weight,45.3,kg,kg,45.0,160.0,45.0,160.0,2026-06-18 02:00:00,SynaptiqPOC,META_SynaptiqPOC,2026-06-18 02:00:00
ENC-20260618-PER-000948-00071-O02,PER-000948,PAT-000948,ENC-20260618-PER-000948-00071,PANEL-ENC-20260618-PER-000948-00071,2026-06-17,vital-signs,LOINC,3141-9,Body Weight,105.3,kg,kg,45.0,160.0,45.0,160.0,2026-06-18 02:00:00,SynaptiqPOC,META_SynaptiqPOC,2026-06-18 02:00:00
ENC-20260618-PER-002315-00072-O00,PER-002315,PAT-002315,ENC-20260618-PER-002315-00072,PANEL-ENC-20260618-PER-002315-00072,2026-06-18,vital-signs,LOINC,8480-6,Systolic BP,176.6,mmHg,mmHg,90.0,180.0,90.0,180.0,2026-06-18 02:00:00,SynaptiqPOC,META_SynaptiqPOC,2026-06-18 02:00:00
ENC-20260618-PER-002315-00072-O01,PER-002315,PAT-002315,ENC-20260618-PER-002315-00072,PANEL-ENC-20260618-PER-002315-00072,2026-06-18,vital-signs,LOINC,8480-6,Systolic BP,108.8,mmHg,mmHg,90.0,180.0,90.0,180.0,2026-06-18 02:00:00,SynaptiqPOC,META_SynaptiqPOC,2026-06-18 02:00:00
ENC-20260618-PER-002315-00072-O02,PER-002315,PAT-002315,ENC-20260618-PER-002315-00072,PANEL-ENC-20260618-PER-002315-00072,2026-06-18,vital-signs,LOINC,8480-6,Systolic BP,148.4,mmHg,mmHg,90.0,180.0,90.0,180.0,2026-06-18 02:00:00,SynaptiqPOC,META_SynaptiqPOC,2026-06-18 02:00:00
ENC-20260618-PER-000650-00073-O00,PER-000650,PAT-000650,ENC-20260618-PER-000650-00073,PANEL-ENC-20260618-PER-000650-00073,2026-06-19,vital-signs,LOINC,8480-6,Systolic BP,158.3,mmHg,mmHg,90.0,180.0,90.0,180.0,2026-06-18 02:00:00,SynaptiqPOC,META_SynaptiqPOC,2026-06-18 02:00:00
ENC-20260618-PER-000650-00073-O01,PER-000650,PAT-000650,ENC-20260618-PER-000650-00073,PANEL-ENC-20260618-PER-000650-00073,2026-06-19,vital-signs,LOINC,8462-4,Diastolic BP,80.4,mmHg,mmHg,50.0,120.0,50.0,120.0,2026-06-18 02:00:00,SynaptiqPOC,META_SynaptiqPOC,2026-06-18 02:00:00
ENC-20260618-PER-003433-00074-O00,PER-003433,PAT-003433,ENC-20260618-PER-003433-00074,PANEL-ENC-20260618-PER-003433-00074,2026-06-18,vital-signs,LOINC,8480-6,Systolic BP,104.2,mmHg,mmHg,90.0,180.0,90.0,180.0,2026-06-18 02:00:00,SynaptiqPOC,META_SynaptiqPOC,2026-06-18 02:00:00
ENC-20260618-PER-003433-00074-O01,PER-003433,PAT-003433,ENC-20260618-PER-003433-00074,PANEL-ENC-20260618-PER-003433-00074,2026-06-18,vital-signs,LOINC,8867-4,Heart Rate,81.5,bpm,bpm,50.0,120.0,50.0,120.0,2026-06-18 02:00:00,SynaptiqPOC,META_SynaptiqPOC,2026-06-18 02:00:00
ENC-20260618-PER-003433-00074-O02,PER-003433,PAT-003433,ENC-20260618-PER-003433-00074,PANEL-ENC-20260618-PER-003433-00074,2026-06-18,vital-signs,LOINC,3141-9,Body Weight,68.3,kg,kg,45.0,160.0,45.0,160.0,2026-06-18 02:00:00,SynaptiqPOC,META_SynaptiqPOC,2026-06-18 02:00:00
ENC-20260618-PER-002379-00075-O00,PER-002379,PAT-002379,ENC-20260618-PER-002379-00075,PANEL-ENC-20260618-PER-002379-00075,2026-06-18,vital-signs,LOINC,8867-4,Heart Rate,73.9,bpm,bpm,50.0,120.0,50.0,120.0,2026-06-18 02:00:00,SynaptiqPOC,META_SynaptiqPOC,2026-06-18 02:00:00
ENC-20260618-PER-002379-00075-O01,PER-002379,PAT-002379,ENC-20260618-PER-002379-00075,PANEL-ENC-20260618-PER-002379-00075,2026-06-18,vital-signs,LOINC,8480-6,Systolic BP,137.5,mmHg,mmHg,90.0,180.0,90.0,180.0,2026-06-18 02:00:00,SynaptiqPOC,META_SynaptiqPOC,2026-06-18 02:00:00
ENC-20260618-PER-002379-00075-O02,PER-002379,PAT-002379,ENC-20260618-PER-002379-00075,PANEL-ENC-20260618-PER-002379-00075,2026-06-18,vital-signs,LOINC,3141-9,Body Weight,122.0,kg,kg,45.0,160.0,45.0,160.0,2026-06-18 02:00:00,SynaptiqPOC,META_SynaptiqPOC,2026-06-18 02:00:00
ENC-20260618-PER-001651-00076-O00,PER-001651,PAT-001651,ENC-20260618-PER-001651-00076,PANEL-ENC-20260618-PER-001651-00076,2026-06-17,vital-signs,LOINC,39156-5,BMI,27.8,kg/m2,kg/m2,18.0,50.0,18.0,50.0,2026-06-18 02:00:00,SynaptiqPOC,META_SynaptiqPOC,2026-06-18 02:00:00
ENC-20260618-PER-001651-00076-O01,PER-001651,PAT-001651,ENC-20260618-PER-001651-00076,PANEL-ENC-20260618-PER-001651-00076,2026-06-17,vital-signs,LOINC,8867-4,Heart Rate,58.0,bpm,bpm,50.0,120.0,50.0,120.0,2026-06-18 02:00:00,SynaptiqPOC,META_SynaptiqPOC,2026-06-18 02:00:00
ENC-20260618-PER-001651-00076-O02,PER-001651,PAT-001651,ENC-20260618-PER-001651-00076,PANEL-ENC-20260618-PER-001651-00076,2026-06-17,vital-signs,LOINC,39156-5,BMI,29.6,kg/m2,kg/m2,18.0,50.0,18.0,50.0,2026-06-18 02:00:00,SynaptiqPOC,META_SynaptiqPOC,2026-06-18 02:00:00
ENC-20260618-PER-001135-00077-O00,PER-001135,PAT-001135,ENC-20260618-PER-001135-00077,PANEL-ENC-20260618-PER-001135-00077,2026-06-18,vital-signs,LOINC,8480-6,Systolic BP,127.0,mmHg,mmHg,90.0,180.0,90.0,180.0,2026-06-18 02:00:00,SynaptiqPOC,META_SynaptiqPOC,2026-06-18 02:00:00
ENC-20260618-PER-001135-00077-O01,PER-001135,PAT-001135,ENC-20260618-PER-001135-00077,PANEL-ENC-20260618-PER-001135-00077,2026-06-18,vital-signs,LOINC,8480-6,Systolic BP,129.7,mmHg,mmHg,90.0,180.0,90.0,180.0,2026-06-18 02:00:00,SynaptiqPOC,META_SynaptiqPOC,2026-06-18 02:00:00
ENC-20260618-PER-001135-00077-O02,PER-001135,PAT-001135,ENC-20260618-PER-001135-00077,PANEL-ENC-20260618-PER-001135-00077,2026-06-18,vital-signs,LOINC,8867-4,Heart Rate,57.6,bpm,bpm,50.0,120.0,50.0,120.0,2026-06-18 02:00:00,SynaptiqPOC,META_SynaptiqPOC,2026-06-18 02:00:00
ENC-20260618-PER-001135-00077-O03,PER-001135,PAT-001135,ENC-20260618-PER-001135-00077,PANEL-ENC-20260618-PER-001135-00077,2026-06-18,vital-signs,LOINC,3141-9,Body Weight,150.4,kg,kg,45.0,160.0,45.0,160.0,2026-06-18 02:00:00,SynaptiqPOC,META_SynaptiqPOC,2026-06-18 02:00:00
ENC-20260618-PER-002823-00078-O00,PER-002823,PAT-002823,ENC-20260618-PER-002823-00078,PANEL-ENC-20260618-PER-002823-00078,2026-06-18,vital-signs,LOINC,8867-4,Heart Rate,72.0,bpm,bpm,50.0,120.0,50.0,120.0,2026-06-18 02:00:00,SynaptiqPOC,META_SynaptiqPOC,2026-06-18 02:00:00
ENC-20260618-PER-002823-00078-O01,PER-002823,PAT-002823,ENC-20260618-PER-002823-00078,PANEL-ENC-20260618-PER-002823-00078,2026-06-18,vital-signs,LOINC,8867-4,Heart Rate,109.8,bpm,bpm,50.0,120.0,50.0,120.0,2026-06-18 02:00:00,SynaptiqPOC,META_SynaptiqPOC,2026-06-18 02:00:00
ENC-20260618-PER-002823-00078-O02,PER-002823,PAT-002823,ENC-20260618-PER-002823-00078,PANEL-ENC-20260618-PER-002823-00078,2026-06-18,vital-signs,LOINC,39156-5,BMI,32.4,kg/m2,kg/m2,18.0,50.0,18.0,50.0,2026-06-18 02:00:00,SynaptiqPOC,META_SynaptiqPOC,2026-06-18 02:00:00
ENC-20260618-PER-002823-00078-O03,PER-002823,PAT-002823,ENC-20260618-PER-002823-00078,PANEL-ENC-20260618-PER-002823-00078,2026-06-18,vital-signs,LOINC,8462-4,Diastolic BP,84.6,mmHg,mmHg,50.0,120.0,50.0,120.0,2026-06-18 02:00:00,SynaptiqPOC,META_SynaptiqPOC,2026-06-18 02:00:00
ENC-20260618-PER-003350-00079-O00,PER-003350,PAT-003350,ENC-20260618-PER-003350-00079,PANEL-ENC-20260618-PER-003350-00079,2026-06-19,vital-signs,LOINC,8867-4,Heart Rate,106.9,bpm,bpm,50.0,120.0,50.0,120.0,2026-06-18 02:00:00,SynaptiqPOC,META_SynaptiqPOC,2026-06-18 02:00:00
ENC-20260618-PER-003350-00079-O01,PER-003350,PAT-003350,ENC-20260618-PER-003350-00079,PANEL-ENC-20260618-PER-003350-00079,2026-06-19,vital-signs,LOINC,39156-5,BMI,21.7,kg/m2,kg/m2,18.0,50.0,18.0,50.0,2026-06-18 02:00:00,SynaptiqPOC,META_SynaptiqPOC,2026-06-18 02:00:00
ENC-20260618-PER-003350-00079-O02,PER-003350,PAT-003350,ENC-20260618-PER-003350-00079,PANEL-ENC-20260618-PER-003350-00079,2026-06-19,vital-signs,LOINC,3141-9,Body Weight,62.6,kg,kg,45.0,160.0,45.0,160.0,2026-06-18 02:00:00,SynaptiqPOC,META_SynaptiqPOC,2026-06-18 02:00:00
ENC-20260618-PER-004702-00080-O00,PER-004702,PAT-004702,ENC-20260618-PER-004702-00080,PANEL-ENC-20260618-PER-004702-00080,2026-06-19,vital-signs,LOINC,3141-9,Body Weight,123.6,kg,kg,45.0,160.0,45.0,160.0,2026-06-18 02:00:00,SynaptiqPOC,META_SynaptiqPOC,2026-06-18 02:00:00
ENC-20260618-PER-004702-00080-O01,PER-004702,PAT-004702,ENC-20260618-PER-004702-00080,PANEL-ENC-20260618-PER-004702-00080,2026-06-19,vital-signs,LOINC,8462-4,Diastolic BP,103.2,mmHg,mmHg,50.0,120.0,50.0,120.0,2026-06-18 02:00:00,SynaptiqPOC,META_SynaptiqPOC,2026-06-18 02:00:00
ENC-20260618-PER-004702-00080-O02,PER-004702,PAT-004702,ENC-20260618-PER-004702-00080,PANEL-ENC-20260618-PER-004702-00080,2026-06-19,vital-signs,LOINC,39156-5,BMI,23.2,kg/m2,kg/m2,18.0,50.0,18.0,50.0,2026-06-18 02:00:00,SynaptiqPOC,META_SynaptiqPOC,2026-06-18 02:00:00
ENC-20260618-PER-002186-00081-O00,PER-002186,PAT-002186,ENC-20260618-PER-002186-00081,PANEL-ENC-20260618-PER-002186-00081,2026-06-18,vital-signs,LOINC,8867-4,Heart Rate,84.4,bpm,bpm,50.0,120.0,50.0,120.0,2026-06-18 02:00:00,SynaptiqPOC,META_SynaptiqPOC,2026-06-18 02:00:00
ENC-20260618-PER-002186-00081-O01,PER-002186,PAT-002186,ENC-20260618-PER-002186-00081,PANEL-ENC-20260618-PER-002186-00081,2026-06-18,vital-signs,LOINC,8480-6,Systolic BP,114.6,mmHg,mmHg,90.0,180.0,90.0,180.0,2026-06-18 02:00:00,SynaptiqPOC,META_SynaptiqPOC,2026-06-18 02:00:00
ENC-20260618-PER-000804-00082-O00,PER-000804,PAT-000804,ENC-20260618-PER-000804-00082,PANEL-ENC-20260618-PER-000804-00082,2026-06-19,vital-signs,LOINC,8462-4,Diastolic BP,83.0,mmHg,mmHg,50.0,120.0,50.0,120.0,2026-06-18 02:00:00,SynaptiqPOC,META_SynaptiqPOC,2026-06-18 02:00:00
ENC-20260618-PER-000804-00082-O01,PER-000804,PAT-000804,ENC-20260618-PER-000804-00082,PANEL-ENC-20260618-PER-000804-00082,2026-06-19,vital-signs,LOINC,39156-5,BMI,21.2,kg/m2,kg/m2,18.0,50.0,18.0,50.0,2026-06-18 02:00:00,SynaptiqPOC,META_SynaptiqPOC,2026-06-18 02:00:00
ENC-20260618-PER-000804-00082-O02,PER-000804,PAT-000804,ENC-20260618-PER-000804-00082,PANEL-ENC-20260618-PER-000804-00082,2026-06-19,vital-signs,LOINC,3141-9,Body Weight,103.7,kg,kg,45.0,160.0,45.0,160.0,2026-06-18 02:00:00,SynaptiqPOC,META_SynaptiqPOC,2026-06-18 02:00:00
ENC-20260618-PER-004164-00083-O00,PER-004164,PAT-004164,ENC-20260618-PER-004164-00083,PANEL-ENC-20260618-PER-004164-00083,2026-06-18,vital-signs,LOINC,8480-6,Systolic BP,154.4,mmHg,mmHg,90.0,180.0,90.0,180.0,2026-06-18 02:00:00,SynaptiqPOC,META_SynaptiqPOC,2026-06-18 02:00:00
ENC-20260618-PER-004164-00083-O01,PER-004164,PAT-004164,ENC-20260618-PER-004164-00083,PANEL-ENC-20260618-PER-004164-00083,2026-06-18,vital-signs,LOINC,39156-5,BMI,26.3,kg/m2,kg/m2,18.0,50.0,18.0,50.0,2026-06-18 02:00:00,SynaptiqPOC,META_SynaptiqPOC,2026-06-18 02:00:00
ENC-20260618-PER-004164-00083-O02,PER-004164,PAT-004164,ENC-20260618-PER-004164-00083,PANEL-ENC-20260618-PER-004164-00083,2026-06-18,vital-signs,LOINC,3141-9,Body Weight,108.9,kg,kg,45.0,160.0,45.0,160.0,2026-06-18 02:00:00,SynaptiqPOC,META_SynaptiqPOC,2026-06-18 02:00:00
ENC-20260618-PER-004164-00083-O03,PER-004164,PAT-004164,ENC-20260618-PER-004164-00083,PANEL-ENC-20260618-PER-004164-00083,2026-06-18,vital-signs,LOINC,8462-4,Diastolic BP,109.9,mmHg,mmHg,50.0,120.0,50.0,120.0,2026-06-18 02:00:00,SynaptiqPOC,META_SynaptiqPOC,2026-06-18 02:00:00
ENC-20260618-PER-003149-00084-O00,PER-003149,PAT-003149,ENC-20260618-PER-003149-00084,PANEL-ENC-20260618-PER-003149-00084,2026-06-19,vital-signs,LOINC,39156-5,BMI,38.0,kg/m2,kg/m2,18.0,50.0,18.0,50.0,2026-06-18 02:00:00,SynaptiqPOC,META_SynaptiqPOC,2026-06-18 02:00:00
ENC-20260618-PER-003149-00084-O01,PER-003149,PAT-003149,ENC-20260618-PER-003149-00084,PANEL-ENC-20260618-PER-003149-00084,2026-06-19,vital-signs,LOINC,8462-4,Diastolic BP,110.6,mmHg,mmHg,50.0,120.0,50.0,120.0,2026-06-18 02:00:00,SynaptiqPOC,META_SynaptiqPOC,2026-06-18 02:00:00
ENC-20260618-PER-003149-00084-O02,PER-003149,PAT-003149,ENC-20260618-PER-003149-00084,PANEL-ENC-20260618-PER-003149-00084,2026-06-19,vital-signs,LOINC,8462-4,Diastolic BP,78.1,mmHg,mmHg,50.0,120.0,50.0,120.0,2026-06-18 02:00:00,SynaptiqPOC,META_SynaptiqPOC,2026-06-18 02:00:00
ENC-20260618-PER-003149-00084-O03,PER-003149,PAT-003149,ENC-20260618-PER-003149-00084,PANEL-ENC-20260618-PER-003149-00084,2026-06-19,vital-signs,LOINC,3141-9,Body Weight,114.8,kg,kg,45.0,160.0,45.0,160.0,2026-06-18 02:00:00,SynaptiqPOC,META_SynaptiqPOC,2026-06-18 02:00:00
ENC-20260618-PER-003502-00085-O00,PER-003502,PAT-003502,ENC-20260618-PER-003502-00085,PANEL-ENC-20260618-PER-003502-00085,2026-06-18,vital-signs,LOINC,39156-5,BMI,27.9,kg/m2,kg/m2,18.0,50.0,18.0,50.0,2026-06-18 02:00:00,SynaptiqPOC,META_SynaptiqPOC,2026-06-18 02:00:00
ENC-20260618-PER-003502-00085-O01,PER-003502,PAT-003502,ENC-20260618-PER-003502-00085,PANEL-ENC-20260618-PER-003502-00085,2026-06-18,vital-signs,LOINC,3141-9,Body Weight,93.7,kg,kg,45.0,160.0,45.0,160.0,2026-06-18 02:00:00,SynaptiqPOC,META_SynaptiqPOC,2026-06-18 02:00:00
ENC-20260618-PER-003502-00085-O02,PER-003502,PAT-003502,ENC-20260618-PER-003502-00085,PANEL-ENC-20260618-PER-003502-00085,2026-06-18,vital-signs,LOINC,39156-5,BMI,36.3,kg/m2,kg/m2,18.0,50.0,18.0,50.0,2026-06-18 02:00:00,SynaptiqPOC,META_SynaptiqPOC,2026-06-18 02:00:00
ENC-20260618-PER-003502-00085-O03,PER-003502,PAT-003502,ENC-20260618-PER-003502-00085,PANEL-ENC-20260618-PER-003502-00085,2026-06-18,vital-signs,LOINC,8867-4,Heart Rate,74.3,bpm,bpm,50.0,120.0,50.0,120.0,2026-06-18 02:00:00,SynaptiqPOC,META_SynaptiqPOC,2026-06-18 02:00:00
ENC-20260618-PER-000487-00086-O00,PER-000487,PAT-000487,ENC-20260618-PER-000487-00086,PANEL-ENC-20260618-PER-000487-00086,2026-06-17,vital-signs,LOINC,8480-6,Systolic BP,168.2,mmHg,mmHg,90.0,180.0,90.0,180.0,2026-06-18 02:00:00,SynaptiqPOC,META_SynaptiqPOC,2026-06-18 02:00:00
ENC-20260618-PER-000487-00086-O01,PER-000487,PAT-000487,ENC-20260618-PER-000487-00086,PANEL-ENC-20260618-PER-000487-00086,2026-06-17,vital-signs,LOINC,39156-5,BMI,32.4,kg/m2,kg/m2,18.0,50.0,18.0,50.0,2026-06-18 02:00:00,SynaptiqPOC,META_SynaptiqPOC,2026-06-18 02:00:00
ENC-20260618-PER-000487-00086-O02,PER-000487,PAT-000487,ENC-20260618-PER-000487-00086,PANEL-ENC-20260618-PER-000487-00086,2026-06-17,vital-signs,LOINC,39156-5,BMI,20.6,kg/m2,kg/m2,18.0,50.0,18.0,50.0,2026-06-18 02:00:00,SynaptiqPOC,META_SynaptiqPOC,2026-06-18 02:00:00
ENC-20260618-PER-001562-00087-O00,PER-001562,PAT-001562,ENC-20260618-PER-001562-00087,PANEL-ENC-20260618-PER-001562-00087,2026-06-18,vital-signs,LOINC,8867-4,Heart Rate,96.1,bpm,bpm,50.0,120.0,50.0,120.0,2026-06-18 02:00:00,SynaptiqPOC,META_SynaptiqPOC,2026-06-18 02:00:00
ENC-20260618-PER-001562-00087-O01,PER-001562,PAT-001562,ENC-20260618-PER-001562-00087,PANEL-ENC-20260618-PER-001562-00087,2026-06-18,vital-signs,LOINC,39156-5,BMI,28.9,kg/m2,kg/m2,18.0,50.0,18.0,50.0,2026-06-18 02:00:00,SynaptiqPOC,META_SynaptiqPOC,2026-06-18 02:00:00
ENC-20260618-PER-001562-00087-O02,PER-001562,PAT-001562,ENC-20260618-PER-001562-00087,PANEL-ENC-20260618-PER-001562-00087,2026-06-18,vital-signs,LOINC,3141-9,Body Weight,159.0,kg,kg,45.0,160.0,45.0,160.0,2026-06-18 02:00:00,SynaptiqPOC,META_SynaptiqPOC,2026-06-18 02:00:00
ENC-20260618-PER-001562-00087-O03,PER-001562,PAT-001562,ENC-20260618-PER-001562-00087,PANEL-ENC-20260618-PER-001562-00087,2026-06-18,vital-signs,LOINC,3141-9,Body Weight,75.0,kg,kg,45.0,160.0,45.0,160.0,2026-06-18 02:00:00,SynaptiqPOC,META_SynaptiqPOC,2026-06-18 02:00:00
ENC-20260618-PER-003840-00088-O00,PER-003840,PAT-003840,ENC-20260618-PER-003840-00088,PANEL-ENC-20260618-PER-003840-00088,2026-06-17,vital-signs,LOINC,39156-5,BMI,34.7,kg/m2,kg/m2,18.0,50.0,18.0,50.0,2026-06-18 02:00:00,SynaptiqPOC,META_SynaptiqPOC,2026-06-18 02:00:00
ENC-20260618-PER-003840-00088-O01,PER-003840,PAT-003840,ENC-20260618-PER-003840-00088,PANEL-ENC-20260618-PER-003840-00088,2026-06-17,vital-signs,LOINC,39156-5,BMI,28.3,kg/m2,kg/m2,18.0,50.0,18.0,50.0,2026-06-18 02:00:00,SynaptiqPOC,META_SynaptiqPOC,2026-06-18 02:00:00
ENC-20260618-PER-003840-00088-O02,PER-003840,PAT-003840,ENC-20260618-PER-003840-00088,PANEL-ENC-20260618-PER-003840-00088,2026-06-17,vital-signs,LOINC,8462-4,Diastolic BP,80.9,mmHg,mmHg,50.0,120.0,50.0,120.0,2026-06-18 02:00:00,SynaptiqPOC,META_SynaptiqPOC,2026-06-18 02:00:00
ENC-20260618-PER-003840-00088-O03,PER-003840,PAT-003840,ENC-20260618-PER-003840-00088,PANEL-ENC-20260618-PER-003840-00088,2026-06-17,vital-signs,LOINC,3141-9,Body Weight,99.3,kg,kg,45.0,160.0,45.0,160.0,2026-06-18 02:00:00,SynaptiqPOC,META_SynaptiqPOC,2026-06-18 02:00:00
ENC-20260618-PER-004162-00089-O00,PER-004162,PAT-004162,ENC-20260618-PER-004162-00089,PANEL-ENC-20260618-PER-004162-00089,2026-06-17,vital-signs,LOINC,8480-6,Systolic BP,172.3,mmHg,mmHg,90.0,180.0,90.0,180.0,2026-06-18 02:00:00,SynaptiqPOC,META_SynaptiqPOC,2026-06-18 02:00:00
ENC-20260618-PER-004162-00089-O01,PER-004162,PAT-004162,ENC-20260618-PER-004162-00089,PANEL-ENC-20260618-PER-004162-00089,2026-06-17,vital-signs,LOINC,8480-6,Systolic BP,119.4,mmHg,mmHg,90.0,180.0,90.0,180.0,2026-06-18 02:00:00,SynaptiqPOC,META_SynaptiqPOC,2026-06-18 02:00:00
ENC-20260618-PER-004162-00089-O02,PER-004162,PAT-004162,ENC-20260618-PER-004162-00089,PANEL-ENC-20260618-PER-004162-00089,2026-06-17,vital-signs,LOINC,8462-4,Diastolic BP,90.5,mmHg,mmHg,50.0,120.0,50.0,120.0,2026-06-18 02:00:00,SynaptiqPOC,META_SynaptiqPOC,2026-06-18 02:00:00
ENC-20260618-PER-002177-00090-O00,PER-002177,PAT-002177,ENC-20260618-PER-002177-00090,PANEL-ENC-20260618-PER-002177-00090,2026-06-19,vital-signs,LOINC,8867-4,Heart Rate,104.1,bpm,bpm,50.0,120.0,50.0,120.0,2026-06-18 02:00:00,SynaptiqPOC,META_SynaptiqPOC,2026-06-18 02:00:00
ENC-20260618-PER-002177-00090-O01,PER-002177,PAT-002177,ENC-20260618-PER-002177-00090,PANEL-ENC-20260618-PER-002177-00090,2026-06-19,vital-signs,LOINC,8867-4,Heart Rate,52.9,bpm,bpm,50.0,120.0,50.0,120.0,2026-06-18 02:00:00,SynaptiqPOC,META_SynaptiqPOC,2026-06-18 02:00:00
ENC-20260618-PER-004024-00091-O00,PER-004024,PAT-004024,ENC-20260618-PER-004024-00091,PANEL-ENC-20260618-PER-004024-00091,2026-06-19,vital-signs,LOINC,3141-9,Body Weight,112.7,kg,kg,45.0,160.0,45.0,160.0,2026-06-18 02:00:00,SynaptiqPOC,META_SynaptiqPOC,2026-06-18 02:00:00
ENC-20260618-PER-004024-00091-O01,PER-004024,PAT-004024,ENC-20260618-PER-004024-00091,PANEL-ENC-20260618-PER-004024-00091,2026-06-19,vital-signs,LOINC,3141-9,Body Weight,111.2,kg,kg,45.0,160.0,45.0,160.0,2026-06-18 02:00:00,SynaptiqPOC,META_SynaptiqPOC,2026-06-18 02:00:00
ENC-20260618-PER-004024-00091-O02,PER-004024,PAT-004024,ENC-20260618-PER-004024-00091,PANEL-ENC-20260618-PER-004024-00091,2026-06-19,vital-signs,LOINC,8462-4,Diastolic BP,105.0,mmHg,mmHg,50.0,120.0,50.0,120.0,2026-06-18 02:00:00,SynaptiqPOC,META_SynaptiqPOC,2026-06-18 02:00:00
ENC-20260618-PER-004209-00092-O00,PER-004209,PAT-004209,ENC-20260618-PER-004209-00092,PANEL-ENC-20260618-PER-004209-00092,2026-06-17,vital-signs,LOINC,8480-6,Systolic BP,103.5,mmHg,mmHg,90.0,180.0,90.0,180.0,2026-06-18 02:00:00,SynaptiqPOC,META_SynaptiqPOC,2026-06-18 02:00:00
ENC-20260618-PER-004209-00092-O01,PER-004209,PAT-004209,ENC-20260618-PER-004209-00092,PANEL-ENC-20260618-PER-004209-00092,2026-06-17,vital-signs,LOINC,8480-6,Systolic BP,132.3,mmHg,mmHg,90.0,180.0,90.0,180.0,2026-06-18 02:00:00,SynaptiqPOC,META_SynaptiqPOC,2026-06-18 02:00:00
ENC-20260618-PER-004209-00092-O02,PER-004209,PAT-004209,ENC-20260618-PER-004209-00092,PANEL-ENC-20260618-PER-004209-00092,2026-06-17,vital-signs,LOINC,39156-5,BMI,37.9,kg/m2,kg/m2,18.0,50.0,18.0,50.0,2026-06-18 02:00:00,SynaptiqPOC,META_SynaptiqPOC,2026-06-18 02:00:00
ENC-20260618-PER-004209-00092-O03,PER-004209,PAT-004209,ENC-20260618-PER-004209-00092,PANEL-ENC-20260618-PER-004209-00092,2026-06-17,vital-signs,LOINC,8480-6,Systolic BP,148.6,mmHg,mmHg,90.0,180.0,90.0,180.0,2026-06-18 02:00:00,SynaptiqPOC,META_SynaptiqPOC,2026-06-18 02:00:00
ENC-20260618-PER-001938-00093-O00,PER-001938,PAT-001938,ENC-20260618-PER-001938-00093,PANEL-ENC-20260618-PER-001938-00093,2026-06-19,vital-signs,LOINC,39156-5,BMI,31.5,kg/m2,kg/m2,18.0,50.0,18.0,50.0,2026-06-18 02:00:00,SynaptiqPOC,META_SynaptiqPOC,2026-06-18 02:00:00
ENC-20260618-PER-001938-00093-O01,PER-001938,PAT-001938,ENC-20260618-PER-001938-00093,PANEL-ENC-20260618-PER-001938-00093,2026-06-19,vital-signs,LOINC,39156-5,BMI,31.2,kg/m2,kg/m2,18.0,50.0,18.0,50.0,2026-06-18 02:00:00,SynaptiqPOC,META_SynaptiqPOC,2026-06-18 02:00:00
ENC-20260618-PER-001938-00093-O02,PER-001938,PAT-001938,ENC-20260618-PER-001938-00093,PANEL-ENC-20260618-PER-001938-00093,2026-06-19,vital-signs,LOINC,8462-4,Diastolic BP,53.1,mmHg,mmHg,50.0,120.0,50.0,120.0,2026-06-18 02:00:00,SynaptiqPOC,META_SynaptiqPOC,2026-06-18 02:00:00
ENC-20260618-PER-004491-00094-O00,PER-004491,PAT-004491,ENC-20260618-PER-004491-00094,PANEL-ENC-20260618-PER-004491-00094,2026-06-17,vital-signs,LOINC,8462-4,Diastolic BP,120.0,mmHg,mmHg,50.0,120.0,50.0,120.0,2026-06-18 02:00:00,SynaptiqPOC,META_SynaptiqPOC,2026-06-18 02:00:00
ENC-20260618-PER-004491-00094-O01,PER-004491,PAT-004491,ENC-20260618-PER-004491-00094,PANEL-ENC-20260618-PER-004491-00094,2026-06-17,vital-signs,LOINC,3141-9,Body Weight,79.8,kg,kg,45.0,160.0,45.0,160.0,2026-06-18 02:00:00,SynaptiqPOC,META_SynaptiqPOC,2026-06-18 02:00:00
ENC-20260618-PER-004491-00094-O02,PER-004491,PAT-004491,ENC-20260618-PER-004491-00094,PANEL-ENC-20260618-PER-004491-00094,2026-06-17,vital-signs,LOINC,8462-4,Diastolic BP,51.8,mmHg,mmHg,50.0,120.0,50.0,120.0,2026-06-18 02:00:00,SynaptiqPOC,META_SynaptiqPOC,2026-06-18 02:00:00
ENC-20260618-PER-004491-00094-O03,PER-004491,PAT-004491,ENC-20260618-PER-004491-00094,PANEL-ENC-20260618-PER-004491-00094,2026-06-17,vital-signs,LOINC,8480-6,Systolic BP,136.2,mmHg,mmHg,90.0,180.0,90.0,180.0,2026-06-18 02:00:00,SynaptiqPOC,META_SynaptiqPOC,2026-06-18 02:00:00
ENC-20260618-PER-001442-00095-O00,PER-001442,PAT-001442,ENC-20260618-PER-001442-00095,PANEL-ENC-20260618-PER-001442-00095,2026-06-17,vital-signs,LOINC,8462-4,Diastolic BP,99.3,mmHg,mmHg,50.0,120.0,50.0,120.0,2026-06-18 02:00:00,SynaptiqPOC,META_SynaptiqPOC,2026-06-18 02:00:00
ENC-20260618-PER-001442-00095-O01,PER-001442,PAT-001442,ENC-20260618-PER-001442-00095,PANEL-ENC-20260618-PER-001442-00095,2026-06-17,vital-signs,LOINC,8480-6,Systolic BP,94.6,mmHg,mmHg,90.0,180.0,90.0,180.0,2026-06-18 02:00:00,SynaptiqPOC,META_SynaptiqPOC,2026-06-18 02:00:00
ENC-20260618-PER-001442-00095-O02,PER-001442,PAT-001442,ENC-20260618-PER-001442-00095,PANEL-ENC-20260618-PER-001442-00095,2026-06-17,vital-signs,LOINC,8462-4,Diastolic BP,81.4,mmHg,mmHg,50.0,120.0,50.0,120.0,2026-06-18 02:00:00,SynaptiqPOC,META_SynaptiqPOC,2026-06-18 02:00:00
ENC-20260618-PER-001442-00095-O03,PER-001442,PAT-001442,ENC-20260618-PER-001442-00095,PANEL-ENC-20260618-PER-001442-00095,2026-06-17,vital-signs,LOINC,8462-4,Diastolic BP,62.0,mmHg,mmHg,50.0,120.0,50.0,120.0,2026-06-18 02:00:00,SynaptiqPOC,META_SynaptiqPOC,2026-06-18 02:00:00
ENC-20260618-PER-001198-00096-O00,PER-001198,PAT-001198,ENC-20260618-PER-001198-00096,PANEL-ENC-20260618-PER-001198-00096,2026-06-19,vital-signs,LOINC,3141-9,Body Weight,112.5,kg,kg,45.0,160.0,45.0,160.0,2026-06-18 02:00:00,SynaptiqPOC,META_SynaptiqPOC,2026-06-18 02:00:00
ENC-20260618-PER-001198-00096-O01,PER-001198,PAT-001198,ENC-20260618-PER-001198-00096,PANEL-ENC-20260618-PER-001198-00096,2026-06-19,vital-signs,LOINC,8867-4,Heart Rate,85.4,bpm,bpm,50.0,120.0,50.0,120.0,2026-06-18 02:00:00,SynaptiqPOC,META_SynaptiqPOC,2026-06-18 02:00:00
ENC-20260618-PER-003413-00097-O00,PER-003413,PAT-003413,ENC-20260618-PER-003413-00097,PANEL-ENC-20260618-PER-003413-00097,2026-06-17,vital-signs,LOINC,3141-9,Body Weight,151.1,kg,kg,45.0,160.0,45.0,160.0,2026-06-18 02:00:00,SynaptiqPOC,META_SynaptiqPOC,2026-06-18 02:00:00
ENC-20260618-PER-003413-00097-O01,PER-003413,PAT-003413,ENC-20260618-PER-003413-00097,PANEL-ENC-20260618-PER-003413-00097,2026-06-17,vital-signs,LOINC,39156-5,BMI,29.1,kg/m2,kg/m2,18.0,50.0,18.0,50.0,2026-06-18 02:00:00,SynaptiqPOC,META_SynaptiqPOC,2026-06-18 02:00:00
ENC-20260618-PER-003413-00097-O02,PER-003413,PAT-003413,ENC-20260618-PER-003413-00097,PANEL-ENC-20260618-PER-003413-00097,2026-06-17,vital-signs,LOINC,8462-4,Diastolic BP,68.1,mmHg,mmHg,50.0,120.0,50.0,120.0,2026-06-18 02:00:00,SynaptiqPOC,META_SynaptiqPOC,2026-06-18 02:00:00
ENC-20260618-PER-003413-00097-O03,PER-003413,PAT-003413,ENC-20260618-PER-003413-00097,PANEL-ENC-20260618-PER-003413-00097,2026-06-17,vital-signs,LOINC,3141-9,Body Weight,142.3,kg,kg,45.0,160.0,45.0,160.0,2026-06-18 02:00:00,SynaptiqPOC,META_SynaptiqPOC,2026-06-18 02:00:00
ENC-20260618-PER-003184-00098-O00,PER-003184,PAT-003184,ENC-20260618-PER-003184-00098,PANEL-ENC-20260618-PER-003184-00098,2026-06-19,vital-signs,LOINC,8462-4,Diastolic BP,100.5,mmHg,mmHg,50.0,120.0,50.0,120.0,2026-06-18 02:00:00,SynaptiqPOC,META_SynaptiqPOC,2026-06-18 02:00:00
ENC-20260618-PER-003184-00098-O01,PER-003184,PAT-003184,ENC-20260618-PER-003184-00098,PANEL-ENC-20260618-PER-003184-00098,2026-06-19,vital-signs,LOINC,3141-9,Body Weight,77.2,kg,kg,45.0,160.0,45.0,160.0,2026-06-18 02:00:00,SynaptiqPOC,META_SynaptiqPOC,2026-06-18 02:00:00
ENC-20260618-PER-003184-00098-O02,PER-003184,PAT-003184,ENC-20260618-PER-003184-00098,PANEL-ENC-20260618-PER-003184-00098,2026-06-19,vital-signs,LOINC,8480-6,Systolic BP,167.7,mmHg,mmHg,90.0,180.0,90.0,180.0,2026-06-18 02:00:00,SynaptiqPOC,META_SynaptiqPOC,2026-06-18 02:00:00
ENC-20260618-PER-000699-00099-O00,PER-000699,PAT-000699,ENC-20260618-PER-000699-00099,PANEL-ENC-20260618-PER-000699-00099,2026-06-19,vital-signs,LOINC,8867-4,Heart Rate,55.5,bpm,bpm,50.0,120.0,50.0,120.0,2026-06-18 02:00:00,SynaptiqPOC,META_SynaptiqPOC,2026-06-18 02:00:00
ENC-20260618-PER-000699-00099-O01,PER-000699,PAT-000699,ENC-20260618-PER-000699-00099,PANEL-ENC-20260618-PER-000699-00099,2026-06-19,vital-signs,LOINC,8462-4,Diastolic BP,61.2,mmHg,mmHg,50.0,120.0,50.0,120.0,2026-06-18 02:00:00,SynaptiqPOC,META_SynaptiqPOC,2026-06-18 02:00:00
ENC-20260618-PER-000699-00099-O02,PER-000699,PAT-000699,ENC-20260618-PER-000699-00099,PANEL-ENC-20260618-PER-000699-00099,2026-06-19,vital-signs,LOINC,8462-4,Diastolic BP,76.7,mmHg,mmHg,50.0,120.0,50.0,120.0,2026-06-18 02:00:00,SynaptiqPOC,META_SynaptiqPOC,2026-06-18 02:00:00
ENC-20260618-PER-000699-00099-O03,PER-000699,PAT-000699,ENC-20260618-PER-000699-00099,PANEL-ENC-20260618-PER-000699-00099,2026-06-19,vital-signs,LOINC,8480-6,Systolic BP,166.9,mmHg,mmHg,90.0,180.0,90.0,180.0,2026-06-18 02:00:00,SynaptiqPOC,META_SynaptiqPOC,2026-06-18 02:00:00
ENC-20260618-PER-004164-00100-O00,PER-004164,PAT-004164,ENC-20260618-PER-004164-00100,PANEL-ENC-20260618-PER-004164-00100,2026-06-17,vital-signs,LOINC,39156-5,BMI,37.1,kg/m2,kg/m2,18.0,50.0,18.0,50.0,2026-06-18 02:00:00,SynaptiqPOC,META_SynaptiqPOC,2026-06-18 02:00:00
ENC-20260618-PER-004164-00100-O01,PER-004164,PAT-004164,ENC-20260618-PER-004164-00100,PANEL-ENC-20260618-PER-004164-00100,2026-06-17,vital-signs,LOINC,8480-6,Systolic BP,130.7,mmHg,mmHg,90.0,180.0,90.0,180.0,2026-06-18 02:00:00,SynaptiqPOC,META_SynaptiqPOC,2026-06-18 02:00:00
ENC-20260618-PER-004164-00100-O02,PER-004164,PAT-004164,ENC-20260618-PER-004164-00100,PANEL-ENC-20260618-PER-004164-00100,2026-06-17,vital-signs,LOINC,8867-4,Heart Rate,74.7,bpm,bpm,50.0,120.0,50.0,120.0,2026-06-18 02:00:00,SynaptiqPOC,META_SynaptiqPOC,2026-06-18 02:00:00
ENC-20260618-PER-001000-00101-O00,PER-001000,PAT-001000,ENC-20260618-PER-001000-00101,PANEL-ENC-20260618-PER-001000-00101,2026-06-17,vital-signs,LOINC,8480-6,Systolic BP,129.4,mmHg,mmHg,90.0,180.0,90.0,180.0,2026-06-18 02:00:00,SynaptiqPOC,META_SynaptiqPOC,2026-06-18 02:00:00
ENC-20260618-PER-001000-00101-O01,PER-001000,PAT-001000,ENC-20260618-PER-001000-00101,PANEL-ENC-20260618-PER-001000-00101,2026-06-17,vital-signs,LOINC,8480-6,Systolic BP,152.1,mmHg,mmHg,90.0,180.0,90.0,180.0,2026-06-18 02:00:00,SynaptiqPOC,META_SynaptiqPOC,2026-06-18 02:00:00
ENC-20260618-PER-001000-00101-O02,PER-001000,PAT-001000,ENC-20260618-PER-001000-00101,PANEL-ENC-20260618-PER-001000-00101,2026-06-17,vital-signs,LOINC,8867-4,Heart Rate,90.3,bpm,bpm,50.0,120.0,50.0,120.0,2026-06-18 02:00:00,SynaptiqPOC,META_SynaptiqPOC,2026-06-18 02:00:00
ENC-20260618-PER-004025-00102-O00,PER-004025,PAT-004025,ENC-20260618-PER-004025-00102,PANEL-ENC-20260618-PER-004025-00102,2026-06-19,vital-signs,LOINC,39156-5,BMI,26.6,kg/m2,kg/m2,18.0,50.0,18.0,50.0,2026-06-18 02:00:00,SynaptiqPOC,META_SynaptiqPOC,2026-06-18 02:00:00
ENC-20260618-PER-004025-00102-O01,PER-004025,PAT-004025,ENC-20260618-PER-004025-00102,PANEL-ENC-20260618-PER-004025-00102,2026-06-19,vital-signs,LOINC,8867-4,Heart Rate,99.0,bpm,bpm,50.0,120.0,50.0,120.0,2026-06-18 02:00:00,SynaptiqPOC,META_SynaptiqPOC,2026-06-18 02:00:00
ENC-20260618-PER-000037-00103-O00,PER-000037,PAT-000037,ENC-20260618-PER-000037-00103,PANEL-ENC-20260618-PER-000037-00103,2026-06-18,vital-signs,LOINC,39156-5,BMI,26.3,kg/m2,kg/m2,18.0,50.0,18.0,50.0,2026-06-18 02:00:00,SynaptiqPOC,META_SynaptiqPOC,2026-06-18 02:00:00
ENC-20260618-PER-000037-00103-O01,PER-000037,PAT-000037,ENC-20260618-PER-000037-00103,PANEL-ENC-20260618-PER-000037-00103,2026-06-18,vital-signs,LOINC,8480-6,Systolic BP,144.6,mmHg,mmHg,90.0,180.0,90.0,180.0,2026-06-18 02:00:00,SynaptiqPOC,META_SynaptiqPOC,2026-06-18 02:00:00
ENC-20260618-PER-003985-00104-O00,PER-003985,PAT-003985,ENC-20260618-PER-003985-00104,PANEL-ENC-20260618-PER-003985-00104,2026-06-18,vital-signs,LOINC,8462-4,Diastolic BP,81.0,mmHg,mmHg,50.0,120.0,50.0,120.0,2026-06-18 02:00:00,SynaptiqPOC,META_SynaptiqPOC,2026-06-18 02:00:00
ENC-20260618-PER-003985-00104-O01,PER-003985,PAT-003985,ENC-20260618-PER-003985-00104,PANEL-ENC-20260618-PER-003985-00104,2026-06-18,vital-signs,LOINC,8867-4,Heart Rate,103.0,bpm,bpm,50.0,120.0,50.0,120.0,2026-06-18 02:00:00,SynaptiqPOC,META_SynaptiqPOC,2026-06-18 02:00:00
ENC-20260618-PER-003985-00104-O02,PER-003985,PAT-003985,ENC-20260618-PER-003985-00104,PANEL-ENC-20260618-PER-003985-00104,2026-06-18,vital-signs,LOINC,8462-4,Diastolic BP,117.8,mmHg,mmHg,50.0,120.0,50.0,120.0,2026-06-18 02:00:00,SynaptiqPOC,META_SynaptiqPOC,2026-06-18 02:00:00
ENC-20260618-PER-003935-00105-O00,PER-003935,PAT-003935,ENC-20260618-PER-003935-00105,PANEL-ENC-20260618-PER-003935-00105,2026-06-18,vital-signs,LOINC,8480-6,Systolic BP,144.2,mmHg,mmHg,90.0,180.0,90.0,180.0,2026-06-18 02:00:00,SynaptiqPOC,META_SynaptiqPOC,2026-06-18 02:00:00
ENC-20260618-PER-003935-00105-O01,PER-003935,PAT-003935,ENC-20260618-PER-003935-00105,PANEL-ENC-20260618-PER-003935-00105,2026-06-18,vital-signs,LOINC,3141-9,Body Weight,131.2,kg,kg,45.0,160.0,45.0,160.0,2026-06-18 02:00:00,SynaptiqPOC,META_SynaptiqPOC,2026-06-18 02:00:00
ENC-20260618-PER-003935-00105-O02,PER-003935,PAT-003935,ENC-20260618-PER-003935-00105,PANEL-ENC-20260618-PER-003935-00105,2026-06-18,vital-signs,LOINC,8462-4,Diastolic BP,62.5,mmHg,mmHg,50.0,120.0,50.0,120.0,2026-06-18 02:00:00,SynaptiqPOC,META_SynaptiqPOC,2026-06-18 02:00:00
ENC-20260618-PER-003902-00106-O00,PER-003902,PAT-003902,ENC-20260618-PER-003902-00106,PANEL-ENC-20260618-PER-003902-00106,2026-06-18,vital-signs,LOINC,8462-4,Diastolic BP,50.2,mmHg,mmHg,50.0,120.0,50.0,120.0,2026-06-18 02:00:00,SynaptiqPOC,META_SynaptiqPOC,2026-06-18 02:00:00
ENC-20260618-PER-003902-00106-O01,PER-003902,PAT-003902,ENC-20260618-PER-003902-00106,PANEL-ENC-20260618-PER-003902-00106,2026-06-18,vital-signs,LOINC,8867-4,Heart Rate,117.7,bpm,bpm,50.0,120.0,50.0,120.0,2026-06-18 02:00:00,SynaptiqPOC,META_SynaptiqPOC,2026-06-18 02:00:00
ENC-20260618-PER-003902-00106-O02,PER-003902,PAT-003902,ENC-20260618-PER-003902-00106,PANEL-ENC-20260618-PER-003902-00106,2026-06-18,vital-signs,LOINC,39156-5,BMI,15.0,kg/m2,kg/m2,18.0,50.0,18.0,50.0,2026-06-18 02:00:00,SynaptiqPOC,META_SynaptiqPOC,2026-06-18 02:00:00
ENC-20260618-PER-003325-00107-O00,PER-003325,PAT-003325,ENC-20260618-PER-003325-00107,PANEL-ENC-20260618-PER-003325-00107,2026-06-19,vital-signs,LOINC,8462-4,Diastolic BP,98.5,mmHg,mmHg,50.0,120.0,50.0,120.0,2026-06-18 02:00:00,SynaptiqPOC,META_SynaptiqPOC,2026-06-18 02:00:00
ENC-20260618-PER-003325-00107-O01,PER-003325,PAT-003325,ENC-20260618-PER-003325-00107,PANEL-ENC-20260618-PER-003325-00107,2026-06-19,vital-signs,LOINC,8867-4,Heart Rate,80.4,bpm,bpm,50.0,120.0,50.0,120.0,2026-06-18 02:00:00,SynaptiqPOC,META_SynaptiqPOC,2026-06-18 02:00:00
ENC-20260618-PER-002358-00108-O00,PER-002358,PAT-002358,ENC-20260618-PER-002358-00108,PANEL-ENC-20260618-PER-002358-00108,2026-06-18,vital-signs,LOINC,8462-4,Diastolic BP,74.4,mmHg,mmHg,50.0,120.0,50.0,120.0,2026-06-18 02:00:00,SynaptiqPOC,META_SynaptiqPOC,2026-06-18 02:00:00
ENC-20260618-PER-002358-00108-O01,PER-002358,PAT-002358,ENC-20260618-PER-002358-00108,PANEL-ENC-20260618-PER-002358-00108,2026-06-18,vital-signs,LOINC,8462-4,Diastolic BP,67.1,mmHg,mmHg,50.0,120.0,50.0,120.0,2026-06-18 02:00:00,SynaptiqPOC,META_SynaptiqPOC,2026-06-18 02:00:00
ENC-20260618-PER-002358-00108-O02,PER-002358,PAT-002358,ENC-20260618-PER-002358-00108,PANEL-ENC-20260618-PER-002358-00108,2026-06-18,vital-signs,LOINC,3141-9,Body Weight,75.7,kg,kg,45.0,160.0,45.0,160.0,2026-06-18 02:00:00,SynaptiqPOC,META_SynaptiqPOC,2026-06-18 02:00:00
ENC-20260618-PER-003526-00109-O00,PER-003526,PAT-003526,ENC-20260618-PER-003526-00109,PANEL-ENC-20260618-PER-003526-00109,2026-06-17,vital-signs,LOINC,3141-9,Body Weight,90.3,kg,kg,45.0,160.0,45.0,160.0,2026-06-18 02:00:00,SynaptiqPOC,META_SynaptiqPOC,2026-06-18 02:00:00
ENC-20260618-PER-003526-00109-O01,PER-003526,PAT-003526,ENC-20260618-PER-003526-00109,PANEL-ENC-20260618-PER-003526-00109,2026-06-17,vital-signs,LOINC,8867-4,Heart Rate,51.2,bpm,bpm,50.0,120.0,50.0,120.0,2026-06-18 02:00:00,SynaptiqPOC,META_SynaptiqPOC,2026-06-18 02:00:00
ENC-20260618-PER-001386-00110-O00,PER-001386,PAT-001386,ENC-20260618-PER-001386-00110,PANEL-ENC-20260618-PER-001386-00110,2026-06-18,vital-signs,LOINC,3141-9,Body Weight,63.4,kg,kg,45.0,160.0,45.0,160.0,2026-06-18 02:00:00,SynaptiqPOC,META_SynaptiqPOC,2026-06-18 02:00:00
ENC-20260618-PER-001386-00110-O01,PER-001386,PAT-001386,ENC-20260618-PER-001386-00110,PANEL-ENC-20260618-PER-001386-00110,2026-06-18,vital-signs,LOINC,8480-6,Systolic BP,155.9,mmHg,mmHg,90.0,180.0,90.0,180.0,2026-06-18 02:00:00,SynaptiqPOC,META_SynaptiqPOC,2026-06-18 02:00:00
ENC-20260618-PER-003904-00111-O00,PER-003904,PAT-003904,ENC-20260618-PER-003904-00111,PANEL-ENC-20260618-PER-003904-00111,2026-06-19,vital-signs,LOINC,8462-4,Diastolic BP,65.5,mmHg,mmHg,50.0,120.0,50.0,120.0,2026-06-18 02:00:00,SynaptiqPOC,META_SynaptiqPOC,2026-06-18 02:00:00
ENC-20260618-PER-003904-00111-O01,PER-003904,PAT-003904,ENC-20260618-PER-003904-00111,PANEL-ENC-20260618-PER-003904-00111,2026-06-19,vital-signs,LOINC,8480-6,Systolic BP,99.8,mmHg,mmHg,90.0,180.0,90.0,180.0,2026-06-18 02:00:00,SynaptiqPOC,META_SynaptiqPOC,2026-06-18 02:00:00
ENC-20260618-PER-003904-00111-O02,PER-003904,PAT-003904,ENC-20260618-PER-003904-00111,PANEL-ENC-20260618-PER-003904-00111,2026-06-19,vital-signs,LOINC,8480-6,Systolic BP,90.9,mmHg,mmHg,90.0,180.0,90.0,180.0,2026-06-18 02:00:00,SynaptiqPOC,META_SynaptiqPOC,2026-06-18 02:00:00
ENC-20260618-PER-002779-00112-O00,PER-002779,PAT-002779,ENC-20260618-PER-002779-00112,PANEL-ENC-20260618-PER-002779-00112,2026-06-17,vital-signs,LOINC,3141-9,Body Weight,103.6,kg,kg,45.0,160.0,45.0,160.0,2026-06-18 02:00:00,SynaptiqPOC,META_SynaptiqPOC,2026-06-18 02:00:00
ENC-20260618-PER-002779-00112-O01,PER-002779,PAT-002779,ENC-20260618-PER-002779-00112,PANEL-ENC-20260618-PER-002779-00112,2026-06-17,vital-signs,LOINC,8867-4,Heart Rate,57.8,bpm,bpm,50.0,120.0,50.0,120.0,2026-06-18 02:00:00,SynaptiqPOC,META_SynaptiqPOC,2026-06-18 02:00:00
ENC-20260618-PER-002779-00112-O02,PER-002779,PAT-002779,ENC-20260618-PER-002779-00112,PANEL-ENC-20260618-PER-002779-00112,2026-06-17,vital-signs,LOINC,39156-5,BMI,35.6,kg/m2,kg/m2,18.0,50.0,18.0,50.0,2026-06-18 02:00:00,SynaptiqPOC,META_SynaptiqPOC,2026-06-18 02:00:00
ENC-20260618-PER-002295-00113-O00,PER-002295,PAT-002295,ENC-20260618-PER-002295-00113,PANEL-ENC-20260618-PER-002295-00113,2026-06-18,vital-signs,LOINC,8462-4,Diastolic BP,109.6,mmHg,mmHg,50.0,120.0,50.0,120.0,2026-06-18 02:00:00,SynaptiqPOC,META_SynaptiqPOC,2026-06-18 02:00:00
ENC-20260618-PER-002295-00113-O01,PER-002295,PAT-002295,ENC-20260618-PER-002295-00113,PANEL-ENC-20260618-PER-002295-00113,2026-06-18,vital-signs,LOINC,39156-5,BMI,31.5,kg/m2,kg/m2,18.0,50.0,18.0,50.0,2026-06-18 02:00:00,SynaptiqPOC,META_SynaptiqPOC,2026-06-18 02:00:00
ENC-20260618-PER-002295-00113-O02,PER-002295,PAT-002295,ENC-20260618-PER-002295-00113,PANEL-ENC-20260618-PER-002295-00113,2026-06-18,vital-signs,LOINC,8480-6,Systolic BP,114.0,mmHg,mmHg,90.0,180.0,90.0,180.0,2026-06-18 02:00:00,SynaptiqPOC,META_SynaptiqPOC,2026-06-18 02:00:00
ENC-20260618-PER-002529-00114-O00,PER-002529,PAT-002529,ENC-20260618-PER-002529-00114,PANEL-ENC-20260618-PER-002529-00114,2026-06-19,vital-signs,LOINC,8867-4,Heart Rate,50.2,bpm,bpm,50.0,120.0,50.0,120.0,2026-06-18 02:00:00,SynaptiqPOC,META_SynaptiqPOC,2026-06-18 02:00:00
ENC-20260618-PER-002529-00114-O01,PER-002529,PAT-002529,ENC-20260618-PER-002529-00114,PANEL-ENC-20260618-PER-002529-00114,2026-06-19,vital-signs,LOINC,8867-4,Heart Rate,80.0,bpm,bpm,50.0,120.0,50.0,120.0,2026-06-18 02:00:00,SynaptiqPOC,META_SynaptiqPOC,2026-06-18 02:00:00
ENC-20260618-PER-002529-00114-O02,PER-002529,PAT-002529,ENC-20260618-PER-002529-00114,PANEL-ENC-20260618-PER-002529-00114,2026-06-19,vital-signs,LOINC,3141-9,Body Weight,46.4,kg,kg,45.0,160.0,45.0,160.0,2026-06-18 02:00:00,SynaptiqPOC,META_SynaptiqPOC,2026-06-18 02:00:00
ENC-20260618-PER-002529-00114-O03,PER-002529,PAT-002529,ENC-20260618-PER-002529-00114,PANEL-ENC-20260618-PER-002529-00114,2026-06-19,vital-signs,LOINC,8462-4,Diastolic BP,113.7,mmHg,mmHg,50.0,120.0,50.0,120.0,2026-06-18 02:00:00,SynaptiqPOC,META_SynaptiqPOC,2026-06-18 02:00:00
ENC-20260618-PER-002844-00115-O00,PER-002844,PAT-002844,ENC-20260618-PER-002844-00115,PANEL-ENC-20260618-PER-002844-00115,2026-06-18,vital-signs,LOINC,3141-9,Body Weight,125.5,kg,kg,45.0,160.0,45.0,160.0,2026-06-18 02:00:00,SynaptiqPOC,META_SynaptiqPOC,2026-06-18 02:00:00
ENC-20260618-PER-002844-00115-O01,PER-002844,PAT-002844,ENC-20260618-PER-002844-00115,PANEL-ENC-20260618-PER-002844-00115,2026-06-18,vital-signs,LOINC,39156-5,BMI,26.1,kg/m2,kg/m2,18.0,50.0,18.0,50.0,2026-06-18 02:00:00,SynaptiqPOC,META_SynaptiqPOC,2026-06-18 02:00:00
ENC-20260618-PER-002844-00115-O02,PER-002844,PAT-002844,ENC-20260618-PER-002844-00115,PANEL-ENC-20260618-PER-002844-00115,2026-06-18,vital-signs,LOINC,8867-4,Heart Rate,54.2,bpm,bpm,50.0,120.0,50.0,120.0,2026-06-18 02:00:00,SynaptiqPOC,META_SynaptiqPOC,2026-06-18 02:00:00
ENC-20260618-PER-002844-00115-O03,PER-002844,PAT-002844,ENC-20260618-PER-002844-00115,PANEL-ENC-20260618-PER-002844-00115,2026-06-18,vital-signs,LOINC,8867-4,Heart Rate,111.7,bpm,bpm,50.0,120.0,50.0,120.0,2026-06-18 02:00:00,SynaptiqPOC,META_SynaptiqPOC,2026-06-18 02:00:00
ENC-20260618-PER-000187-00116-O00,PER-000187,PAT-000187,ENC-20260618-PER-000187-00116,PANEL-ENC-20260618-PER-000187-00116,2026-06-17,vital-signs,LOINC,8462-4,Diastolic BP,68.4,mmHg,mmHg,50.0,120.0,50.0,120.0,2026-06-18 02:00:00,SynaptiqPOC,META_SynaptiqPOC,2026-06-18 02:00:00
ENC-20260618-PER-000187-00116-O01,PER-000187,PAT-000187,ENC-20260618-PER-000187-00116,PANEL-ENC-20260618-PER-000187-00116,2026-06-17,vital-signs,LOINC,39156-5,BMI,40.5,kg/m2,kg/m2,18.0,50.0,18.0,50.0,2026-06-18 02:00:00,SynaptiqPOC,META_SynaptiqPOC,2026-06-18 02:00:00
ENC-20260618-PER-000187-00116-O02,PER-000187,PAT-000187,ENC-20260618-PER-000187-00116,PANEL-ENC-20260618-PER-000187-00116,2026-06-17,vital-signs,LOINC,8867-4,Heart Rate,99.2,bpm,bpm,50.0,120.0,50.0,120.0,2026-06-18 02:00:00,SynaptiqPOC,META_SynaptiqPOC,2026-06-18 02:00:00
ENC-20260618-PER-000699-00117-O00,PER-000699,PAT-000699,ENC-20260618-PER-000699-00117,PANEL-ENC-20260618-PER-000699-00117,2026-06-17,vital-signs,LOINC,39156-5,BMI,28.3,kg/m2,kg/m2,18.0,50.0,18.0,50.0,2026-06-18 02:00:00,SynaptiqPOC,META_SynaptiqPOC,2026-06-18 02:00:00
ENC-20260618-PER-000699-00117-O01,PER-000699,PAT-000699,ENC-20260618-PER-000699-00117,PANEL-ENC-20260618-PER-000699-00117,2026-06-17,vital-signs,LOINC,8462-4,Diastolic BP,107.3,mmHg,mmHg,50.0,120.0,50.0,120.0,2026-06-18 02:00:00,SynaptiqPOC,META_SynaptiqPOC,2026-06-18 02:00:00
ENC-20260618-PER-000699-00117-O02,PER-000699,PAT-000699,ENC-20260618-PER-000699-00117,PANEL-ENC-20260618-PER-000699-00117,2026-06-17,vital-signs,LOINC,39156-5,BMI,18.8,kg/m2,kg/m2,18.0,50.0,18.0,50.0,2026-06-18 02:00:00,SynaptiqPOC,META_SynaptiqPOC,2026-06-18 02:00:00
ENC-20260618-PER-000699-00117-O03,PER-000699,PAT-000699,ENC-20260618-PER-000699-00117,PANEL-ENC-20260618-PER-000699-00117,2026-06-17,vital-signs,LOINC,8480-6,Systolic BP,120.5,mmHg,mmHg,90.0,180.0,90.0,180.0,2026-06-18 02:00:00,SynaptiqPOC,META_SynaptiqPOC,2026-06-18 02:00:00
ENC-20260618-PER-001228-00118-O00,PER-001228,PAT-001228,ENC-20260618-PER-001228-00118,PANEL-ENC-20260618-PER-001228-00118,2026-06-18,vital-signs,LOINC,39156-5,BMI,24.8,kg/m2,kg/m2,18.0,50.0,18.0,50.0,2026-06-18 02:00:00,SynaptiqPOC,META_SynaptiqPOC,2026-06-18 02:00:00
ENC-20260618-PER-001228-00118-O01,PER-001228,PAT-001228,ENC-20260618-PER-001228-00118,PANEL-ENC-20260618-PER-001228-00118,2026-06-18,vital-signs,LOINC,39156-5,BMI,26.3,kg/m2,kg/m2,18.0,50.0,18.0,50.0,2026-06-18 02:00:00,SynaptiqPOC,META_SynaptiqPOC,2026-06-18 02:00:00
ENC-20260618-PER-000573-00119-O00,PER-000573,PAT-000573,ENC-20260618-PER-000573-00119,PANEL-ENC-20260618-PER-000573-00119,2026-06-18,vital-signs,LOINC,8480-6,Systolic BP,149.5,mmHg,mmHg,90.0,180.0,90.0,180.0,2026-06-18 02:00:00,SynaptiqPOC,META_SynaptiqPOC,2026-06-18 02:00:00
ENC-20260618-PER-000573-00119-O01,PER-000573,PAT-000573,ENC-20260618-PER-000573-00119,PANEL-ENC-20260618-PER-000573-00119,2026-06-18,vital-signs,LOINC,3141-9,Body Weight,158.8,kg,kg,45.0,160.0,45.0,160.0,2026-06-18 02:00:00,SynaptiqPOC,META_SynaptiqPOC,2026-06-18 02:00:00
ENC-20260618-PER-000573-00119-O02,PER-000573,PAT-000573,ENC-20260618-PER-000573-00119,PANEL-ENC-20260618-PER-000573-00119,2026-06-18,vital-signs,LOINC,3141-9,Body Weight,122.0,kg,kg,45.0,160.0,45.0,160.0,2026-06-18 02:00:00,SynaptiqPOC,META_SynaptiqPOC,2026-06-18 02:00:00
ENC-20260618-PER-000573-00119-O03,PER-000573,PAT-000573,ENC-20260618-PER-000573-00119,PANEL-ENC-20260618-PER-000573-00119,2026-06-18,vital-signs,LOINC,8480-6,Systolic BP,137.3,mmHg,mmHg,90.0,180.0,90.0,180.0,2026-06-18 02:00:00,SynaptiqPOC,META_SynaptiqPOC,2026-06-18 02:00:00
ENC-20260618-PER-002199-00120-O00,PER-002199,PAT-002199,ENC-20260618-PER-002199-00120,PANEL-ENC-20260618-PER-002199-00120,2026-06-19,vital-signs,LOINC,8462-4,Diastolic BP,92.0,mmHg,mmHg,50.0,120.0,50.0,120.0,2026-06-18 02:00:00,SynaptiqPOC,META_SynaptiqPOC,2026-06-18 02:00:00
ENC-20260618-PER-002199-00120-O01,PER-002199,PAT-002199,ENC-20260618-PER-002199-00120,PANEL-ENC-20260618-PER-002199-00120,2026-06-19,vital-signs,LOINC,8867-4,Heart Rate,117.1,bpm,bpm,50.0,120.0,50.0,120.0,2026-06-18 02:00:00,SynaptiqPOC,META_SynaptiqPOC,2026-06-18 02:00:00
ENC-20260618-PER-002199-00120-O02,PER-002199,PAT-002199,ENC-20260618-PER-002199-00120,PANEL-ENC-20260618-PER-002199-00120,2026-06-19,vital-signs,LOINC,3141-9,Body Weight,135.6,kg,kg,45.0,160.0,45.0,160.0,2026-06-18 02:00:00,SynaptiqPOC,META_SynaptiqPOC,2026-06-18 02:00:00
ENC-20260618-PER-003343-00121-O00,PER-003343,PAT-003343,ENC-20260618-PER-003343-00121,PANEL-ENC-20260618-PER-003343-00121,2026-06-18,vital-signs,LOINC,8462-4,Diastolic BP,59.5,mmHg,mmHg,50.0,120.0,50.0,120.0,2026-06-18 02:00:00,SynaptiqPOC,META_SynaptiqPOC,2026-06-18 02:00:00
ENC-20260618-PER-003343-00121-O01,PER-003343,PAT-003343,ENC-20260618-PER-003343-00121,PANEL-ENC-20260618-PER-003343-00121,2026-06-18,vital-signs,LOINC,8867-4,Heart Rate,109.5,bpm,bpm,50.0,120.0,50.0,120.0,2026-06-18 02:00:00,SynaptiqPOC,META_SynaptiqPOC,2026-06-18 02:00:00
ENC-20260618-PER-003343-00121-O02,PER-003343,PAT-003343,ENC-20260618-PER-003343-00121,PANEL-ENC-20260618-PER-003343-00121,2026-06-18,vital-signs,LOINC,8867-4,Heart Rate,67.9,bpm,bpm,50.0,120.0,50.0,120.0,2026-06-18 02:00:00,SynaptiqPOC,META_SynaptiqPOC,2026-06-18 02:00:00
ENC-20260618-PER-003343-00121-O03,PER-003343,PAT-003343,ENC-20260618-PER-003343-00121,PANEL-ENC-20260618-PER-003343-00121,2026-06-18,vital-signs,LOINC,8462-4,Diastolic BP,100.1,mmHg,mmHg,50.0,120.0,50.0,120.0,2026-06-18 02:00:00,SynaptiqPOC,META_SynaptiqPOC,2026-06-18 02:00:00
ENC-20260618-PER-003273-00122-O00,PER-003273,PAT-003273,ENC-20260618-PER-003273-00122,PANEL-ENC-20260618-PER-003273-00122,2026-06-19,vital-signs,LOINC,3141-9,Body Weight,67.1,kg,kg,45.0,160.0,45.0,160.0,2026-06-18 02:00:00,SynaptiqPOC,META_SynaptiqPOC,2026-06-18 02:00:00
ENC-20260618-PER-003273-00122-O01,PER-003273,PAT-003273,ENC-20260618-PER-003273-00122,PANEL-ENC-20260618-PER-003273-00122,2026-06-19,vital-signs,LOINC,39156-5,BMI,34.7,kg/m2,kg/m2,18.0,50.0,18.0,50.0,2026-06-18 02:00:00,SynaptiqPOC,META_SynaptiqPOC,2026-06-18 02:00:00
ENC-20260618-PER-003273-00122-O02,PER-003273,PAT-003273,ENC-20260618-PER-003273-00122,PANEL-ENC-20260618-PER-003273-00122,2026-06-19,vital-signs,LOINC,3141-9,Body Weight,87.3,kg,kg,45.0,160.0,45.0,160.0,2026-06-18 02:00:00,SynaptiqPOC,META_SynaptiqPOC,2026-06-18 02:00:00
ENC-20260618-PER-003273-00122-O03,PER-003273,PAT-003273,ENC-20260618-PER-003273-00122,PANEL-ENC-20260618-PER-003273-00122,2026-06-19,vital-signs,LOINC,3141-9,Body Weight,81.9,kg,kg,45.0,160.0,45.0,160.0,2026-06-18 02:00:00,SynaptiqPOC,META_SynaptiqPOC,2026-06-18 02:00:00
ENC-20260618-PER-002356-00123-O00,PER-002356,PAT-002356,ENC-20260618-PER-002356-00123,PANEL-ENC-20260618-PER-002356-00123,2026-06-17,vital-signs,LOINC,39156-5,BMI,28.0,kg/m2,kg/m2,18.0,50.0,18.0,50.0,2026-06-18 02:00:00,SynaptiqPOC,META_SynaptiqPOC,2026-06-18 02:00:00
ENC-20260618-PER-002356-00123-O01,PER-002356,PAT-002356,ENC-20260618-PER-002356-00123,PANEL-ENC-20260618-PER-002356-00123,2026-06-17,vital-signs,LOINC,8867-4,Heart Rate,80.5,bpm,bpm,50.0,120.0,50.0,120.0,2026-06-18 02:00:00,SynaptiqPOC,META_SynaptiqPOC,2026-06-18 02:00:00
ENC-20260618-PER-002356-00123-O02,PER-002356,PAT-002356,ENC-20260618-PER-002356-00123,PANEL-ENC-20260618-PER-002356-00123,2026-06-17,vital-signs,LOINC,8867-4,Heart Rate,112.4,bpm,bpm,50.0,120.0,50.0,120.0,2026-06-18 02:00:00,SynaptiqPOC,META_SynaptiqPOC,2026-06-18 02:00:00
ENC-20260618-PER-002356-00123-O03,PER-002356,PAT-002356,ENC-20260618-PER-002356-00123,PANEL-ENC-20260618-PER-002356-00123,2026-06-17,vital-signs,LOINC,8867-4,Heart Rate,52.5,bpm,bpm,50.0,120.0,50.0,120.0,2026-06-18 02:00:00,SynaptiqPOC,META_SynaptiqPOC,2026-06-18 02:00:00
ENC-20260618-PER-004276-00124-O00,PER-004276,PAT-004276,ENC-20260618-PER-004276-00124,PANEL-ENC-20260618-PER-004276-00124,2026-06-18,vital-signs,LOINC,39156-5,BMI,26.8,kg/m2,kg/m2,18.0,50.0,18.0,50.0,2026-06-18 02:00:00,SynaptiqPOC,META_SynaptiqPOC,2026-06-18 02:00:00
ENC-20260618-PER-004276-00124-O01,PER-004276,PAT-004276,ENC-20260618-PER-004276-00124,PANEL-ENC-20260618-PER-004276-00124,2026-06-18,vital-signs,LOINC,8480-6,Systolic BP,143.4,mmHg,mmHg,90.0,180.0,90.0,180.0,2026-06-18 02:00:00,SynaptiqPOC,META_SynaptiqPOC,2026-06-18 02:00:00
ENC-20260618-PER-004276-00124-O02,PER-004276,PAT-004276,ENC-20260618-PER-004276-00124,PANEL-ENC-20260618-PER-004276-00124,2026-06-18,vital-signs,LOINC,8867-4,Heart Rate,107.7,bpm,bpm,50.0,120.0,50.0,120.0,2026-06-18 02:00:00,SynaptiqPOC,META_SynaptiqPOC,2026-06-18 02:00:00
ENC-20260618-PER-004276-00124-O03,PER-004276,PAT-004276,ENC-20260618-PER-004276-00124,PANEL-ENC-20260618-PER-004276-00124,2026-06-18,vital-signs,LOINC,8867-4,Heart Rate,65.6,bpm,bpm,50.0,120.0,50.0,120.0,2026-06-18 02:00:00,SynaptiqPOC,META_SynaptiqPOC,2026-06-18 02:00:00
ENC-20260618-PER-002827-00125-O00,PER-002827,PAT-002827,ENC-20260618-PER-002827-00125,PANEL-ENC-20260618-PER-002827-00125,2026-06-17,vital-signs,LOINC,8462-4,Diastolic BP,112.0,mmHg,mmHg,50.0,120.0,50.0,120.0,2026-06-18 02:00:00,SynaptiqPOC,META_SynaptiqPOC,2026-06-18 02:00:00
ENC-20260618-PER-002827-00125-O01,PER-002827,PAT-002827,ENC-20260618-PER-002827-00125,PANEL-ENC-20260618-PER-002827-00125,2026-06-17,vital-signs,LOINC,8462-4,Diastolic BP,89.1,mmHg,mmHg,50.0,120.0,50.0,120.0,2026-06-18 02:00:00,SynaptiqPOC,META_SynaptiqPOC,2026-06-18 02:00:00
ENC-20260618-PER-000396-00126-O00,PER-000396,PAT-000396,ENC-20260618-PER-000396-00126,PANEL-ENC-20260618-PER-000396-00126,2026-06-18,vital-signs,LOINC,3141-9,Body Weight,96.9,kg,kg,45.0,160.0,45.0,160.0,2026-06-18 02:00:00,SynaptiqPOC,META_SynaptiqPOC,2026-06-18 02:00:00
ENC-20260618-PER-000396-00126-O01,PER-000396,PAT-000396,ENC-20260618-PER-000396-00126,PANEL-ENC-20260618-PER-000396-00126,2026-06-18,vital-signs,LOINC,8867-4,Heart Rate,54.1,bpm,bpm,50.0,120.0,50.0,120.0,2026-06-18 02:00:00,SynaptiqPOC,META_SynaptiqPOC,2026-06-18 02:00:00
ENC-20260618-PER-003825-00127-O00,PER-003825,PAT-003825,ENC-20260618-PER-003825-00127,PANEL-ENC-20260618-PER-003825-00127,2026-06-17,vital-signs,LOINC,8480-6,Systolic BP,131.1,mmHg,mmHg,90.0,180.0,90.0,180.0,2026-06-18 02:00:00,SynaptiqPOC,META_SynaptiqPOC,2026-06-18 02:00:00
ENC-20260618-PER-003825-00127-O01,PER-003825,PAT-003825,ENC-20260618-PER-003825-00127,PANEL-ENC-20260618-PER-003825-00127,2026-06-17,vital-signs,LOINC,3141-9,Body Weight,77.1,kg,kg,45.0,160.0,45.0,160.0,2026-06-18 02:00:00,SynaptiqPOC,META_SynaptiqPOC,2026-06-18 02:00:00
ENC-20260618-PER-003825-00127-O02,PER-003825,PAT-003825,ENC-20260618-PER-003825-00127,PANEL-ENC-20260618-PER-003825-00127,2026-06-17,vital-signs,LOINC,3141-9,Body Weight,84.4,kg,kg,45.0,160.0,45.0,160.0,2026-06-18 02:00:00,SynaptiqPOC,META_SynaptiqPOC,2026-06-18 02:00:00
ENC-20260618-PER-002874-00128-O00,PER-002874,PAT-002874,ENC-20260618-PER-002874-00128,PANEL-ENC-20260618-PER-002874-00128,2026-06-18,vital-signs,LOINC,8867-4,Heart Rate,89.0,bpm,bpm,50.0,120.0,50.0,120.0,2026-06-18 02:00:00,SynaptiqPOC,META_SynaptiqPOC,2026-06-18 02:00:00
ENC-20260618-PER-002874-00128-O01,PER-002874,PAT-002874,ENC-20260618-PER-002874-00128,PANEL-ENC-20260618-PER-002874-00128,2026-06-18,vital-signs,LOINC,8480-6,Systolic BP,111.1,mmHg,mmHg,90.0,180.0,90.0,180.0,2026-06-18 02:00:00,SynaptiqPOC,META_SynaptiqPOC,2026-06-18 02:00:00
ENC-20260618-PER-002874-00128-O02,PER-002874,PAT-002874,ENC-20260618-PER-002874-00128,PANEL-ENC-20260618-PER-002874-00128,2026-06-18,vital-signs,LOINC,8867-4,Heart Rate,93.6,bpm,bpm,50.0,120.0,50.0,120.0,2026-06-18 02:00:00,SynaptiqPOC,META_SynaptiqPOC,2026-06-18 02:00:00
ENC-20260618-PER-003174-00129-O00,PER-003174,PAT-003174,ENC-20260618-PER-003174-00129,PANEL-ENC-20260618-PER-003174-00129,2026-06-18,vital-signs,LOINC,8867-4,Heart Rate,82.1,bpm,bpm,50.0,120.0,50.0,120.0,2026-06-18 02:00:00,SynaptiqPOC,META_SynaptiqPOC,2026-06-18 02:00:00
ENC-20260618-PER-003174-00129-O01,PER-003174,PAT-003174,ENC-20260618-PER-003174-00129,PANEL-ENC-20260618-PER-003174-00129,2026-06-18,vital-signs,LOINC,3141-9,Body Weight,101.8,kg,kg,45.0,160.0,45.0,160.0,2026-06-18 02:00:00,SynaptiqPOC,META_SynaptiqPOC,2026-06-18 02:00:00
ENC-20260618-PER-002827-00130-O00,PER-002827,PAT-002827,ENC-20260618-PER-002827-00130,PANEL-ENC-20260618-PER-002827-00130,2026-06-17,vital-signs,LOINC,8480-6,Systolic BP,144.5,mmHg,mmHg,90.0,180.0,90.0,180.0,2026-06-18 02:00:00,SynaptiqPOC,META_SynaptiqPOC,2026-06-18 02:00:00
ENC-20260618-PER-002827-00130-O01,PER-002827,PAT-002827,ENC-20260618-PER-002827-00130,PANEL-ENC-20260618-PER-002827-00130,2026-06-17,vital-signs,LOINC,8867-4,Heart Rate,61.0,bpm,bpm,50.0,120.0,50.0,120.0,2026-06-18 02:00:00,SynaptiqPOC,META_SynaptiqPOC,2026-06-18 02:00:00
ENC-20260618-PER-002827-00130-O02,PER-002827,PAT-002827,ENC-20260618-PER-002827-00130,PANEL-ENC-20260618-PER-002827-00130,2026-06-17,vital-signs,LOINC,8480-6,Systolic BP,103.9,mmHg,mmHg,90.0,180.0,90.0,180.0,2026-06-18 02:00:00,SynaptiqPOC,META_SynaptiqPOC,2026-06-18 02:00:00
ENC-20260618-PER-002827-00130-O03,PER-002827,PAT-002827,ENC-20260618-PER-002827-00130,PANEL-ENC-20260618-PER-002827-00130,2026-06-17,vital-signs,LOINC,8867-4,Heart Rate,109.9,bpm,bpm,50.0,120.0,50.0,120.0,2026-06-18 02:00:00,SynaptiqPOC,META_SynaptiqPOC,2026-06-18 02:00:00
ENC-20260618-PER-002768-00131-O00,PER-002768,PAT-002768,ENC-20260618-PER-002768-00131,PANEL-ENC-20260618-PER-002768-00131,2026-06-17,vital-signs,LOINC,3141-9,Body Weight,117.1,kg,kg,45.0,160.0,45.0,160.0,2026-06-18 02:00:00,SynaptiqPOC,META_SynaptiqPOC,2026-06-18 02:00:00
ENC-20260618-PER-002768-00131-O01,PER-002768,PAT-002768,ENC-20260618-PER-002768-00131,PANEL-ENC-20260618-PER-002768-00131,2026-06-17,vital-signs,LOINC,8462-4,Diastolic BP,108.7,mmHg,mmHg,50.0,120.0,50.0,120.0,2026-06-18 02:00:00,SynaptiqPOC,META_SynaptiqPOC,2026-06-18 02:00:00
ENC-20260618-PER-000453-00132-O00,PER-000453,PAT-000453,ENC-20260618-PER-000453-00132,PANEL-ENC-20260618-PER-000453-00132,2026-06-18,vital-signs,LOINC,39156-5,BMI,27.5,kg/m2,kg/m2,18.0,50.0,18.0,50.0,2026-06-18 02:00:00,SynaptiqPOC,META_SynaptiqPOC,2026-06-18 02:00:00
ENC-20260618-PER-000453-00132-O01,PER-000453,PAT-000453,ENC-20260618-PER-000453-00132,PANEL-ENC-20260618-PER-000453-00132,2026-06-18,vital-signs,LOINC,39156-5,BMI,22.1,kg/m2,kg/m2,18.0,50.0,18.0,50.0,2026-06-18 02:00:00,SynaptiqPOC,META_SynaptiqPOC,2026-06-18 02:00:00
ENC-20260618-PER-000453-00132-O02,PER-000453,PAT-000453,ENC-20260618-PER-000453-00132,PANEL-ENC-20260618-PER-000453-00132,2026-06-18,vital-signs,LOINC,39156-5,BMI,26.2,kg/m2,kg/m2,18.0,50.0,18.0,50.0,2026-06-18 02:00:00,SynaptiqPOC,META_SynaptiqPOC,2026-06-18 02:00:00
ENC-20260618-PER-000453-00132-O03,PER-000453,PAT-000453,ENC-20260618-PER-000453-00132,PANEL-ENC-20260618-PER-000453-00132,2026-06-18,vital-signs,LOINC,8867-4,Heart Rate,76.5,bpm,bpm,50.0,120.0,50.0,120.0,2026-06-18 02:00:00,SynaptiqPOC,META_SynaptiqPOC,2026-06-18 02:00:00
ENC-20260618-PER-002797-00133-O00,PER-002797,PAT-002797,ENC-20260618-PER-002797-00133,PANEL-ENC-20260618-PER-002797-00133,2026-06-19,vital-signs,LOINC,8462-4,Diastolic BP,79.7,mmHg,mmHg,50.0,120.0,50.0,120.0,2026-06-18 02:00:00,SynaptiqPOC,META_SynaptiqPOC,2026-06-18 02:00:00
ENC-20260618-PER-002797-00133-O01,PER-002797,PAT-002797,ENC-20260618-PER-002797-00133,PANEL-ENC-20260618-PER-002797-00133,2026-06-19,vital-signs,LOINC,8867-4,Heart Rate,77.3,bpm,bpm,50.0,120.0,50.0,120.0,2026-06-18 02:00:00,SynaptiqPOC,META_SynaptiqPOC,2026-06-18 02:00:00
ENC-20260618-PER-003975-00134-O00,PER-003975,PAT-003975,ENC-20260618-PER-003975-00134,PANEL-ENC-20260618-PER-003975-00134,2026-06-17,vital-signs,LOINC,8480-6,Systolic BP,157.7,mmHg,mmHg,90.0,180.0,90.0,180.0,2026-06-18 02:00:00,SynaptiqPOC,META_SynaptiqPOC,2026-06-18 02:00:00
ENC-20260618-PER-003975-00134-O01,PER-003975,PAT-003975,ENC-20260618-PER-003975-00134,PANEL-ENC-20260618-PER-003975-00134,2026-06-17,vital-signs,LOINC,8462-4,Diastolic BP,90.5,mmHg,mmHg,50.0,120.0,50.0,120.0,2026-06-18 02:00:00,SynaptiqPOC,META_SynaptiqPOC,2026-06-18 02:00:00
ENC-20260618-PER-003975-00134-O02,PER-003975,PAT-003975,ENC-20260618-PER-003975-00134,PANEL-ENC-20260618-PER-003975-00134,2026-06-17,vital-signs,LOINC,8480-6,Systolic BP,162.6,mmHg,mmHg,90.0,180.0,90.0,180.0,2026-06-18 02:00:00,SynaptiqPOC,META_SynaptiqPOC,2026-06-18 02:00:00
ENC-20260618-PER-001520-00135-O00,PER-001520,PAT-001520,ENC-20260618-PER-001520-00135,PANEL-ENC-20260618-PER-001520-00135,2026-06-18,vital-signs,LOINC,8462-4,Diastolic BP,105.7,mmHg,mmHg,50.0,120.0,50.0,120.0,2026-06-18 02:00:00,SynaptiqPOC,META_SynaptiqPOC,2026-06-18 02:00:00
ENC-20260618-PER-001520-00135-O01,PER-001520,PAT-001520,ENC-20260618-PER-001520-00135,PANEL-ENC-20260618-PER-001520-00135,2026-06-18,vital-signs,LOINC,8867-4,Heart Rate,56.9,bpm,bpm,50.0,120.0,50.0,120.0,2026-06-18 02:00:00,SynaptiqPOC,META_SynaptiqPOC,2026-06-18 02:00:00
ENC-20260618-PER-001520-00135-O02,PER-001520,PAT-001520,ENC-20260618-PER-001520-00135,PANEL-ENC-20260618-PER-001520-00135,2026-06-18,vital-signs,LOINC,8867-4,Heart Rate,118.4,bpm,bpm,50.0,120.0,50.0,120.0,2026-06-18 02:00:00,SynaptiqPOC,META_SynaptiqPOC,2026-06-18 02:00:00
ENC-20260618-PER-001520-00135-O03,PER-001520,PAT-001520,ENC-20260618-PER-001520-00135,PANEL-ENC-20260618-PER-001520-00135,2026-06-18,vital-signs,LOINC,39156-5,BMI,25.6,kg/m2,kg/m2,18.0,50.0,18.0,50.0,2026-06-18 02:00:00,SynaptiqPOC,META_SynaptiqPOC,2026-06-18 02:00:00
ENC-20260618-PER-003015-00136-O00,PER-003015,PAT-003015,ENC-20260618-PER-003015-00136,PANEL-ENC-20260618-PER-003015-00136,2026-06-17,vital-signs,LOINC,3141-9,Body Weight,83.2,kg,kg,45.0,160.0,45.0,160.0,2026-06-18 02:00:00,SynaptiqPOC,META_SynaptiqPOC,2026-06-18 02:00:00
ENC-20260618-PER-003015-00136-O01,PER-003015,PAT-003015,ENC-20260618-PER-003015-00136,PANEL-ENC-20260618-PER-003015-00136,2026-06-17,vital-signs,LOINC,8867-4,Heart Rate,91.9,bpm,bpm,50.0,120.0,50.0,120.0,2026-06-18 02:00:00,SynaptiqPOC,META_SynaptiqPOC,2026-06-18 02:00:00
ENC-20260618-PER-003015-00136-O02,PER-003015,PAT-003015,ENC-20260618-PER-003015-00136,PANEL-ENC-20260618-PER-003015-00136,2026-06-17,vital-signs,LOINC,8462-4,Diastolic BP,75.3,mmHg,mmHg,50.0,120.0,50.0,120.0,2026-06-18 02:00:00,SynaptiqPOC,META_SynaptiqPOC,2026-06-18 02:00:00
ENC-20260618-PER-000155-00137-O00,PER-000155,PAT-000155,ENC-20260618-PER-000155-00137,PANEL-ENC-20260618-PER-000155-00137,2026-06-19,vital-signs,LOINC,8462-4,Diastolic BP,56.9,mmHg,mmHg,50.0,120.0,50.0,120.0,2026-06-18 02:00:00,SynaptiqPOC,META_SynaptiqPOC,2026-06-18 02:00:00
ENC-20260618-PER-000155-00137-O01,PER-000155,PAT-000155,ENC-20260618-PER-000155-00137,PANEL-ENC-20260618-PER-000155-00137,2026-06-19,vital-signs,LOINC,8480-6,Systolic BP,145.0,mmHg,mmHg,90.0,180.0,90.0,180.0,2026-06-18 02:00:00,SynaptiqPOC,META_SynaptiqPOC,2026-06-18 02:00:00
ENC-20260618-PER-000155-00137-O02,PER-000155,PAT-000155,ENC-20260618-PER-000155-00137,PANEL-ENC-20260618-PER-000155-00137,2026-06-19,vital-signs,LOINC,39156-5,BMI,29.9,kg/m2,kg/m2,18.0,50.0,18.0,50.0,2026-06-18 02:00:00,SynaptiqPOC,META_SynaptiqPOC,2026-06-18 02:00:00
ENC-20260618-PER-000155-00137-O03,PER-000155,PAT-000155,ENC-20260618-PER-000155-00137,PANEL-ENC-20260618-PER-000155-00137,2026-06-19,vital-signs,LOINC,8480-6,Systolic BP,131.0,mmHg,mmHg,90.0,180.0,90.0,180.0,2026-06-18 02:00:00,SynaptiqPOC,META_SynaptiqPOC,2026-06-18 02:00:00
ENC-20260618-PER-001738-00138-O00,PER-001738,PAT-001738,ENC-20260618-PER-001738-00138,PANEL-ENC-20260618-PER-001738-00138,2026-06-18,vital-signs,LOINC,8480-6,Systolic BP,114.4,mmHg,mmHg,90.0,180.0,90.0,180.0,2026-06-18 02:00:00,SynaptiqPOC,META_SynaptiqPOC,2026-06-18 02:00:00
ENC-20260618-PER-001738-00138-O01,PER-001738,PAT-001738,ENC-20260618-PER-001738-00138,PANEL-ENC-20260618-PER-001738-00138,2026-06-18,vital-signs,LOINC,8480-6,Systolic BP,160.0,mmHg,mmHg,90.0,180.0,90.0,180.0,2026-06-18 02:00:00,SynaptiqPOC,META_SynaptiqPOC,2026-06-18 02:00:00
ENC-20260618-PER-001738-00138-O02,PER-001738,PAT-001738,ENC-20260618-PER-001738-00138,PANEL-ENC-20260618-PER-001738-00138,2026-06-18,vital-signs,LOINC,39156-5,BMI,25.7,kg/m2,kg/m2,18.0,50.0,18.0,50.0,2026-06-18 02:00:00,SynaptiqPOC,META_SynaptiqPOC,2026-06-18 02:00:00
ENC-20260618-PER-001738-00138-O03,PER-001738,PAT-001738,ENC-20260618-PER-001738-00138,PANEL-ENC-20260618-PER-001738-00138,2026-06-18,vital-signs,LOINC,8480-6,Systolic BP,129.5,mmHg,mmHg,90.0,180.0,90.0,180.0,2026-06-18 02:00:00,SynaptiqPOC,META_SynaptiqPOC,2026-06-18 02:00:00
ENC-20260618-PER-002184-00139-O00,PER-002184,PAT-002184,ENC-20260618-PER-002184-00139,PANEL-ENC-20260618-PER-002184-00139,2026-06-19,vital-signs,LOINC,3141-9,Body Weight,92.6,kg,kg,45.0,160.0,45.0,160.0,2026-06-18 02:00:00,SynaptiqPOC,META_SynaptiqPOC,2026-06-18 02:00:00
ENC-20260618-PER-002184-00139-O01,PER-002184,PAT-002184,ENC-20260618-PER-002184-00139,PANEL-ENC-20260618-PER-002184-00139,2026-06-19,vital-signs,LOINC,8480-6,Systolic BP,111.9,mmHg,mmHg,90.0,180.0,90.0,180.0,2026-06-18 02:00:00,SynaptiqPOC,META_SynaptiqPOC,2026-06-18 02:00:00
ENC-20260618-PER-002184-00139-O02,PER-002184,PAT-002184,ENC-20260618-PER-002184-00139,PANEL-ENC-20260618-PER-002184-00139,2026-06-19,vital-signs,LOINC,8462-4,Diastolic BP,53.1,mmHg,mmHg,50.0,120.0,50.0,120.0,2026-06-18 02:00:00,SynaptiqPOC,META_SynaptiqPOC,2026-06-18 02:00:00
ENC-20260618-PER-002184-00139-O03,PER-002184,PAT-002184,ENC-20260618-PER-002184-00139,PANEL-ENC-20260618-PER-002184-00139,2026-06-19,vital-signs,LOINC,39156-5,BMI,33.6,kg/m2,kg/m2,18.0,50.0,18.0,50.0,2026-06-18 02:00:00,SynaptiqPOC,META_SynaptiqPOC,2026-06-18 02:00:00
ENC-20260618-PER-004914-00140-O00,PER-004914,PAT-004914,ENC-20260618-PER-004914-00140,PANEL-ENC-20260618-PER-004914-00140,2026-06-17,vital-signs,LOINC,3141-9,Body Weight,81.5,kg,kg,45.0,160.0,45.0,160.0,2026-06-18 02:00:00,SynaptiqPOC,META_SynaptiqPOC,2026-06-18 02:00:00
ENC-20260618-PER-004914-00140-O01,PER-004914,PAT-004914,ENC-20260618-PER-004914-00140,PANEL-ENC-20260618-PER-004914-00140,2026-06-17,vital-signs,LOINC,8867-4,Heart Rate,95.0,bpm,bpm,50.0,120.0,50.0,120.0,2026-06-18 02:00:00,SynaptiqPOC,META_SynaptiqPOC,2026-06-18 02:00:00
ENC-20260618-PER-004914-00140-O02,PER-004914,PAT-004914,ENC-20260618-PER-004914-00140,PANEL-ENC-20260618-PER-004914-00140,2026-06-17,vital-signs,LOINC,3141-9,Body Weight,140.7,kg,kg,45.0,160.0,45.0,160.0,2026-06-18 02:00:00,SynaptiqPOC,META_SynaptiqPOC,2026-06-18 02:00:00
ENC-20260618-PER-001073-00141-O00,PER-001073,PAT-001073,ENC-20260618-PER-001073-00141,PANEL-ENC-20260618-PER-001073-00141,2026-06-17,vital-signs,LOINC,39156-5,BMI,26.0,kg/m2,kg/m2,18.0,50.0,18.0,50.0,2026-06-18 02:00:00,SynaptiqPOC,META_SynaptiqPOC,2026-06-18 02:00:00
ENC-20260618-PER-001073-00141-O01,PER-001073,PAT-001073,ENC-20260618-PER-001073-00141,PANEL-ENC-20260618-PER-001073-00141,2026-06-17,vital-signs,LOINC,8462-4,Diastolic BP,74.4,mmHg,mmHg,50.0,120.0,50.0,120.0,2026-06-18 02:00:00,SynaptiqPOC,META_SynaptiqPOC,2026-06-18 02:00:00
ENC-20260618-PER-001073-00141-O02,PER-001073,PAT-001073,ENC-20260618-PER-001073-00141,PANEL-ENC-20260618-PER-001073-00141,2026-06-17,vital-signs,LOINC,8867-4,Heart Rate,90.8,bpm,bpm,50.0,120.0,50.0,120.0,2026-06-18 02:00:00,SynaptiqPOC,META_SynaptiqPOC,2026-06-18 02:00:00
ENC-20260618-PER-001073-00141-O03,PER-001073,PAT-001073,ENC-20260618-PER-001073-00141,PANEL-ENC-20260618-PER-001073-00141,2026-06-17,vital-signs,LOINC,8867-4,Heart Rate,82.5,bpm,bpm,50.0,120.0,50.0,120.0,2026-06-18 02:00:00,SynaptiqPOC,META_SynaptiqPOC,2026-06-18 02:00:00
ENC-20260618-PER-001383-00142-O00,PER-001383,PAT-001383,ENC-20260618-PER-001383-00142,PANEL-ENC-20260618-PER-001383-00142,2026-06-18,vital-signs,LOINC,3141-9,Body Weight,89.3,kg,kg,45.0,160.0,45.0,160.0,2026-06-18 02:00:00,SynaptiqPOC,META_SynaptiqPOC,2026-06-18 02:00:00
ENC-20260618-PER-001383-00142-O01,PER-001383,PAT-001383,ENC-20260618-PER-001383-00142,PANEL-ENC-20260618-PER-001383-00142,2026-06-18,vital-signs,LOINC,3141-9,Body Weight,90.4,kg,kg,45.0,160.0,45.0,160.0,2026-06-18 02:00:00,SynaptiqPOC,META_SynaptiqPOC,2026-06-18 02:00:00
ENC-20260618-PER-001383-00142-O02,PER-001383,PAT-001383,ENC-20260618-PER-001383-00142,PANEL-ENC-20260618-PER-001383-00142,2026-06-18,vital-signs,LOINC,8480-6,Systolic BP,139.3,mmHg,mmHg,90.0,180.0,90.0,180.0,2026-06-18 02:00:00,SynaptiqPOC,META_SynaptiqPOC,2026-06-18 02:00:00
ENC-20260618-PER-002043-00143-O00,PER-002043,PAT-002043,ENC-20260618-PER-002043-00143,PANEL-ENC-20260618-PER-002043-00143,2026-06-18,vital-signs,LOINC,8462-4,Diastolic BP,76.9,mmHg,mmHg,50.0,120.0,50.0,120.0,2026-06-18 02:00:00,SynaptiqPOC,META_SynaptiqPOC,2026-06-18 02:00:00
ENC-20260618-PER-002043-00143-O01,PER-002043,PAT-002043,ENC-20260618-PER-002043-00143,PANEL-ENC-20260618-PER-002043-00143,2026-06-18,vital-signs,LOINC,8462-4,Diastolic BP,93.2,mmHg,mmHg,50.0,120.0,50.0,120.0,2026-06-18 02:00:00,SynaptiqPOC,META_SynaptiqPOC,2026-06-18 02:00:00
ENC-20260618-PER-002043-00143-O02,PER-002043,PAT-002043,ENC-20260618-PER-002043-00143,PANEL-ENC-20260618-PER-002043-00143,2026-06-18,vital-signs,LOINC,8867-4,Heart Rate,54.3,bpm,bpm,50.0,120.0,50.0,120.0,2026-06-18 02:00:00,SynaptiqPOC,META_SynaptiqPOC,2026-06-18 02:00:00
ENC-20260618-PER-002043-00143-O03,PER-002043,PAT-002043,ENC-20260618-PER-002043-00143,PANEL-ENC-20260618-PER-002043-00143,2026-06-18,vital-signs,LOINC,39156-5,BMI,27.9,kg/m2,kg/m2,18.0,50.0,18.0,50.0,2026-06-18 02:00:00,SynaptiqPOC,META_SynaptiqPOC,2026-06-18 02:00:00
ENC-20260618-PER-004964-00144-O00,PER-004964,PAT-004964,ENC-20260618-PER-004964-00144,PANEL-ENC-20260618-PER-004964-00144,2026-06-19,vital-signs,LOINC,8462-4,Diastolic BP,100.3,mmHg,mmHg,50.0,120.0,50.0,120.0,2026-06-18 02:00:00,SynaptiqPOC,META_SynaptiqPOC,2026-06-18 02:00:00
ENC-20260618-PER-004964-00144-O01,PER-004964,PAT-004964,ENC-20260618-PER-004964-00144,PANEL-ENC-20260618-PER-004964-00144,2026-06-19,vital-signs,LOINC,8480-6,Systolic BP,158.2,mmHg,mmHg,90.0,180.0,90.0,180.0,2026-06-18 02:00:00,SynaptiqPOC,META_SynaptiqPOC,2026-06-18 02:00:00
ENC-20260618-PER-004964-00144-O02,PER-004964,PAT-004964,ENC-20260618-PER-004964-00144,PANEL-ENC-20260618-PER-004964-00144,2026-06-19,vital-signs,LOINC,8867-4,Heart Rate,109.2,bpm,bpm,50.0,120.0,50.0,120.0,2026-06-18 02:00:00,SynaptiqPOC,META_SynaptiqPOC,2026-06-18 02:00:00
ENC-20260618-PER-004964-00144-O03,PER-004964,PAT-004964,ENC-20260618-PER-004964-00144,PANEL-ENC-20260618-PER-004964-00144,2026-06-19,vital-signs,LOINC,8480-6,Systolic BP,123.7,mmHg,mmHg,90.0,180.0,90.0,180.0,2026-06-18 02:00:00,SynaptiqPOC,META_SynaptiqPOC,2026-06-18 02:00:00
ENC-20260618-PER-004268-00145-O00,PER-004268,PAT-004268,ENC-20260618-PER-004268-00145,PANEL-ENC-20260618-PER-004268-00145,2026-06-19,vital-signs,LOINC,39156-5,BMI,24.0,kg/m2,kg/m2,18.0,50.0,18.0,50.0,2026-06-18 02:00:00,SynaptiqPOC,META_SynaptiqPOC,2026-06-18 02:00:00
ENC-20260618-PER-004268-00145-O01,PER-004268,PAT-004268,ENC-20260618-PER-004268-00145,PANEL-ENC-20260618-PER-004268-00145,2026-06-19,vital-signs,LOINC,8462-4,Diastolic BP,94.2,mmHg,mmHg,50.0,120.0,50.0,120.0,2026-06-18 02:00:00,SynaptiqPOC,META_SynaptiqPOC,2026-06-18 02:00:00
ENC-20260618-PER-000174-00146-O00,PER-000174,PAT-000174,ENC-20260618-PER-000174-00146,PANEL-ENC-20260618-PER-000174-00146,2026-06-19,vital-signs,LOINC,39156-5,BMI,24.8,kg/m2,kg/m2,18.0,50.0,18.0,50.0,2026-06-18 02:00:00,SynaptiqPOC,META_SynaptiqPOC,2026-06-18 02:00:00
ENC-20260618-PER-000174-00146-O01,PER-000174,PAT-000174,ENC-20260618-PER-000174-00146,PANEL-ENC-20260618-PER-000174-00146,2026-06-19,vital-signs,LOINC,8480-6,Systolic BP,140.0,mmHg,mmHg,90.0,180.0,90.0,180.0,2026-06-18 02:00:00,SynaptiqPOC,META_SynaptiqPOC,2026-06-18 02:00:00
ENC-20260618-PER-000174-00146-O02,PER-000174,PAT-000174,ENC-20260618-PER-000174-00146,PANEL-ENC-20260618-PER-000174-00146,2026-06-19,vital-signs,LOINC,8867-4,Heart Rate,61.1,bpm,bpm,50.0,120.0,50.0,120.0,2026-06-18 02:00:00,SynaptiqPOC,META_SynaptiqPOC,2026-06-18 02:00:00
ENC-20260618-PER-001170-00147-O00,PER-001170,PAT-001170,ENC-20260618-PER-001170-00147,PANEL-ENC-20260618-PER-001170-00147,2026-06-18,vital-signs,LOINC,39156-5,BMI,20.8,kg/m2,kg/m2,18.0,50.0,18.0,50.0,2026-06-18 02:00:00,SynaptiqPOC,META_SynaptiqPOC,2026-06-18 02:00:00
ENC-20260618-PER-001170-00147-O01,PER-001170,PAT-001170,ENC-20260618-PER-001170-00147,PANEL-ENC-20260618-PER-001170-00147,2026-06-18,vital-signs,LOINC,8867-4,Heart Rate,76.6,bpm,bpm,50.0,120.0,50.0,120.0,2026-06-18 02:00:00,SynaptiqPOC,META_SynaptiqPOC,2026-06-18 02:00:00
ENC-20260618-PER-001170-00147-O02,PER-001170,PAT-001170,ENC-20260618-PER-001170-00147,PANEL-ENC-20260618-PER-001170-00147,2026-06-18,vital-signs,LOINC,8867-4,Heart Rate,111.9,bpm,bpm,50.0,120.0,50.0,120.0,2026-06-18 02:00:00,SynaptiqPOC,META_SynaptiqPOC,2026-06-18 02:00:00
ENC-20260618-PER-001170-00147-O03,PER-001170,PAT-001170,ENC-20260618-PER-001170-00147,PANEL-ENC-20260618-PER-001170-00147,2026-06-18,vital-signs,LOINC,8462-4,Diastolic BP,104.1,mmHg,mmHg,50.0,120.0,50.0,120.0,2026-06-18 02:00:00,SynaptiqPOC,META_SynaptiqPOC,2026-06-18 02:00:00
ENC-20260618-PER-004109-00148-O00,PER-004109,PAT-004109,ENC-20260618-PER-004109-00148,PANEL-ENC-20260618-PER-004109-00148,2026-06-18,vital-signs,LOINC,39156-5,BMI,31.0,kg/m2,kg/m2,18.0,50.0,18.0,50.0,2026-06-18 02:00:00,SynaptiqPOC,META_SynaptiqPOC,2026-06-18 02:00:00
ENC-20260618-PER-004109-00148-O01,PER-004109,PAT-004109,ENC-20260618-PER-004109-00148,PANEL-ENC-20260618-PER-004109-00148,2026-06-18,vital-signs,LOINC,8867-4,Heart Rate,105.2,bpm,bpm,50.0,120.0,50.0,120.0,2026-06-18 02:00:00,SynaptiqPOC,META_SynaptiqPOC,2026-06-18 02:00:00
ENC-20260618-PER-000292-00149-O00,PER-000292,PAT-000292,ENC-20260618-PER-000292-00149,PANEL-ENC-20260618-PER-000292-00149,2026-06-18,vital-signs,LOINC,3141-9,Body Weight,83.9,kg,kg,45.0,160.0,45.0,160.0,2026-06-18 02:00:00,SynaptiqPOC,META_SynaptiqPOC,2026-06-18 02:00:00
ENC-20260618-PER-000292-00149-O01,PER-000292,PAT-000292,ENC-20260618-PER-000292-00149,PANEL-ENC-20260618-PER-000292-00149,2026-06-18,vital-signs,LOINC,39156-5,BMI,24.5,kg/m2,kg/m2,18.0,50.0,18.0,50.0,2026-06-18 02:00:00,SynaptiqPOC,META_SynaptiqPOC,2026-06-18 02:00:00
ENC-20260618-PER-000292-00149-O02,PER-000292,PAT-000292,ENC-20260618-PER-000292-00149,PANEL-ENC-20260618-PER-000292-00149,2026-06-18,vital-signs,LOINC,8480-6,Systolic BP,135.2,mmHg,mmHg,90.0,180.0,90.0,180.0,2026-06-18 02:00:00,SynaptiqPOC,META_SynaptiqPOC,2026-06-18 02:00:00
ENC-20260618-PER-000292-00149-O03,PER-000292,PAT-000292,ENC-20260618-PER-000292-00149,PANEL-ENC-20260618-PER-000292-00149,2026-06-18,vital-signs,LOINC,39156-5,BMI,23.6,kg/m2,kg/m2,18.0,50.0,18.0,50.0,2026-06-18 02:00:00,SynaptiqPOC,META_SynaptiqPOC,2026-06-18 02:00:00
ENC-20260618-PER-004279-00150-O00,PER-004279,PAT-004279,ENC-20260618-PER-004279-00150,PANEL-ENC-20260618-PER-004279-00150,2026-06-17,vital-signs,LOINC,39156-5,BMI,19.2,kg/m2,kg/m2,18.0,50.0,18.0,50.0,2026-06-18 02:00:00,SynaptiqPOC,META_SynaptiqPOC,2026-06-18 02:00:00
ENC-20260618-PER-004279-00150-O01,PER-004279,PAT-004279,ENC-20260618-PER-004279-00150,PANEL-ENC-20260618-PER-004279-00150,2026-06-17,vital-signs,LOINC,39156-5,BMI,31.6,kg/m2,kg/m2,18.0,50.0,18.0,50.0,2026-06-18 02:00:00,SynaptiqPOC,META_SynaptiqPOC,2026-06-18 02:00:00
ENC-20260618-PER-001407-00151-O00,PER-001407,PAT-001407,ENC-20260618-PER-001407-00151,PANEL-ENC-20260618-PER-001407-00151,2026-06-18,vital-signs,LOINC,8480-6,Systolic BP,134.1,mmHg,mmHg,90.0,180.0,90.0,180.0,2026-06-18 02:00:00,SynaptiqPOC,META_SynaptiqPOC,2026-06-18 02:00:00
ENC-20260618-PER-001407-00151-O01,PER-001407,PAT-001407,ENC-20260618-PER-001407-00151,PANEL-ENC-20260618-PER-001407-00151,2026-06-18,vital-signs,LOINC,8462-4,Diastolic BP,52.3,mmHg,mmHg,50.0,120.0,50.0,120.0,2026-06-18 02:00:00,SynaptiqPOC,META_SynaptiqPOC,2026-06-18 02:00:00
ENC-20260618-PER-001407-00151-O02,PER-001407,PAT-001407,ENC-20260618-PER-001407-00151,PANEL-ENC-20260618-PER-001407-00151,2026-06-18,vital-signs,LOINC,39156-5,BMI,34.4,kg/m2,kg/m2,18.0,50.0,18.0,50.0,2026-06-18 02:00:00,SynaptiqPOC,META_SynaptiqPOC,2026-06-18 02:00:00
ENC-20260618-PER-001407-00151-O03,PER-001407,PAT-001407,ENC-20260618-PER-001407-00151,PANEL-ENC-20260618-PER-001407-00151,2026-06-18,vital-signs,LOINC,3141-9,Body Weight,109.2,kg,kg,45.0,160.0,45.0,160.0,2026-06-18 02:00:00,SynaptiqPOC,META_SynaptiqPOC,2026-06-18 02:00:00
ENC-20260618-PER-004589-00152-O00,PER-004589,PAT-004589,ENC-20260618-PER-004589-00152,PANEL-ENC-20260618-PER-004589-00152,2026-06-18,vital-signs,LOINC,39156-5,BMI,37.3,kg/m2,kg/m2,18.0,50.0,18.0,50.0,2026-06-18 02:00:00,SynaptiqPOC,META_SynaptiqPOC,2026-06-18 02:00:00
ENC-20260618-PER-004589-00152-O01,PER-004589,PAT-004589,ENC-20260618-PER-004589-00152,PANEL-ENC-20260618-PER-004589-00152,2026-06-18,vital-signs,LOINC,8480-6,Systolic BP,134.5,mmHg,mmHg,90.0,180.0,90.0,180.0,2026-06-18 02:00:00,SynaptiqPOC,META_SynaptiqPOC,2026-06-18 02:00:00
ENC-20260618-PER-004589-00152-O02,PER-004589,PAT-004589,ENC-20260618-PER-004589-00152,PANEL-ENC-20260618-PER-004589-00152,2026-06-18,vital-signs,LOINC,39156-5,BMI,15.0,kg/m2,kg/m2,18.0,50.0,18.0,50.0,2026-06-18 02:00:00,SynaptiqPOC,META_SynaptiqPOC,2026-06-18 02:00:00
ENC-20260618-PER-004589-00152-O03,PER-004589,PAT-004589,ENC-20260618-PER-004589-00152,PANEL-ENC-20260618-PER-004589-00152,2026-06-18,vital-signs,LOINC,3141-9,Body Weight,74.6,kg,kg,45.0,160.0,45.0,160.0,2026-06-18 02:00:00,SynaptiqPOC,META_SynaptiqPOC,2026-06-18 02:00:00
ENC-20260618-PER-001468-00153-O00,PER-001468,PAT-001468,ENC-20260618-PER-001468-00153,PANEL-ENC-20260618-PER-001468-00153,2026-06-17,vital-signs,LOINC,39156-5,BMI,26.2,kg/m2,kg/m2,18.0,50.0,18.0,50.0,2026-06-18 02:00:00,SynaptiqPOC,META_SynaptiqPOC,2026-06-18 02:00:00
ENC-20260618-PER-001468-00153-O01,PER-001468,PAT-001468,ENC-20260618-PER-001468-00153,PANEL-ENC-20260618-PER-001468-00153,2026-06-17,vital-signs,LOINC,39156-5,BMI,25.4,kg/m2,kg/m2,18.0,50.0,18.0,50.0,2026-06-18 02:00:00,SynaptiqPOC,META_SynaptiqPOC,2026-06-18 02:00:00
ENC-20260618-PER-002172-00154-O00,PER-002172,PAT-002172,ENC-20260618-PER-002172-00154,PANEL-ENC-20260618-PER-002172-00154,2026-06-17,vital-signs,LOINC,8462-4,Diastolic BP,112.7,mmHg,mmHg,50.0,120.0,50.0,120.0,2026-06-18 02:00:00,SynaptiqPOC,META_SynaptiqPOC,2026-06-18 02:00:00
ENC-20260618-PER-002172-00154-O01,PER-002172,PAT-002172,ENC-20260618-PER-002172-00154,PANEL-ENC-20260618-PER-002172-00154,2026-06-17,vital-signs,LOINC,8480-6,Systolic BP,153.2,mmHg,mmHg,90.0,180.0,90.0,180.0,2026-06-18 02:00:00,SynaptiqPOC,META_SynaptiqPOC,2026-06-18 02:00:00
ENC-20260618-PER-002172-00154-O02,PER-002172,PAT-002172,ENC-20260618-PER-002172-00154,PANEL-ENC-20260618-PER-002172-00154,2026-06-17,vital-signs,LOINC,8462-4,Diastolic BP,119.3,mmHg,mmHg,50.0,120.0,50.0,120.0,2026-06-18 02:00:00,SynaptiqPOC,META_SynaptiqPOC,2026-06-18 02:00:00
ENC-20260618-PER-002172-00154-O03,PER-002172,PAT-002172,ENC-20260618-PER-002172-00154,PANEL-ENC-20260618-PER-002172-00154,2026-06-17,vital-signs,LOINC,39156-5,BMI,19.3,kg/m2,kg/m2,18.0,50.0,18.0,50.0,2026-06-18 02:00:00,SynaptiqPOC,META_SynaptiqPOC,2026-06-18 02:00:00
ENC-20260618-PER-003310-00155-O00,PER-003310,PAT-003310,ENC-20260618-PER-003310-00155,PANEL-ENC-20260618-PER-003310-00155,2026-06-18,vital-signs,LOINC,3141-9,Body Weight,114.1,kg,kg,45.0,160.0,45.0,160.0,2026-06-18 02:00:00,SynaptiqPOC,META_SynaptiqPOC,2026-06-18 02:00:00
ENC-20260618-PER-003310-00155-O01,PER-003310,PAT-003310,ENC-20260618-PER-003310-00155,PANEL-ENC-20260618-PER-003310-00155,2026-06-18,vital-signs,LOINC,8480-6,Systolic BP,97.2,mmHg,mmHg,90.0,180.0,90.0,180.0,2026-06-18 02:00:00,SynaptiqPOC,META_SynaptiqPOC,2026-06-18 02:00:00
ENC-20260618-PER-000632-00156-O00,PER-000632,PAT-000632,ENC-20260618-PER-000632-00156,PANEL-ENC-20260618-PER-000632-00156,2026-06-18,vital-signs,LOINC,39156-5,BMI,30.2,kg/m2,kg/m2,18.0,50.0,18.0,50.0,2026-06-18 02:00:00,SynaptiqPOC,META_SynaptiqPOC,2026-06-18 02:00:00
ENC-20260618-PER-000632-00156-O01,PER-000632,PAT-000632,ENC-20260618-PER-000632-00156,PANEL-ENC-20260618-PER-000632-00156,2026-06-18,vital-signs,LOINC,8462-4,Diastolic BP,116.7,mmHg,mmHg,50.0,120.0,50.0,120.0,2026-06-18 02:00:00,SynaptiqPOC,META_SynaptiqPOC,2026-06-18 02:00:00
ENC-20260618-PER-000632-00156-O02,PER-000632,PAT-000632,ENC-20260618-PER-000632-00156,PANEL-ENC-20260618-PER-000632-00156,2026-06-18,vital-signs,LOINC,8480-6,Systolic BP,179.6,mmHg,mmHg,90.0,180.0,90.0,180.0,2026-06-18 02:00:00,SynaptiqPOC,META_SynaptiqPOC,2026-06-18 02:00:00
ENC-20260618-PER-002786-00157-O00,PER-002786,PAT-002786,ENC-20260618-PER-002786-00157,PANEL-ENC-20260618-PER-002786-00157,2026-06-19,vital-signs,LOINC,3141-9,Body Weight,61.0,kg,kg,45.0,160.0,45.0,160.0,2026-06-18 02:00:00,SynaptiqPOC,META_SynaptiqPOC,2026-06-18 02:00:00
ENC-20260618-PER-002786-00157-O01,PER-002786,PAT-002786,ENC-20260618-PER-002786-00157,PANEL-ENC-20260618-PER-002786-00157,2026-06-19,vital-signs,LOINC,8462-4,Diastolic BP,73.6,mmHg,mmHg,50.0,120.0,50.0,120.0,2026-06-18 02:00:00,SynaptiqPOC,META_SynaptiqPOC,2026-06-18 02:00:00
ENC-20260618-PER-002786-00157-O02,PER-002786,PAT-002786,ENC-20260618-PER-002786-00157,PANEL-ENC-20260618-PER-002786-00157,2026-06-19,vital-signs,LOINC,8867-4,Heart Rate,66.3,bpm,bpm,50.0,120.0,50.0,120.0,2026-06-18 02:00:00,SynaptiqPOC,META_SynaptiqPOC,2026-06-18 02:00:00
ENC-20260618-PER-002786-00157-O03,PER-002786,PAT-002786,ENC-20260618-PER-002786-00157,PANEL-ENC-20260618-PER-002786-00157,2026-06-19,vital-signs,LOINC,39156-5,BMI,22.1,kg/m2,kg/m2,18.0,50.0,18.0,50.0,2026-06-18 02:00:00,SynaptiqPOC,META_SynaptiqPOC,2026-06-18 02:00:00
ENC-20260618-PER-002526-00158-O00,PER-002526,PAT-002526,ENC-20260618-PER-002526-00158,PANEL-ENC-20260618-PER-002526-00158,2026-06-18,vital-signs,LOINC,8867-4,Heart Rate,57.9,bpm,bpm,50.0,120.0,50.0,120.0,2026-06-18 02:00:00,SynaptiqPOC,META_SynaptiqPOC,2026-06-18 02:00:00
ENC-20260618-PER-002526-00158-O01,PER-002526,PAT-002526,ENC-20260618-PER-002526-00158,PANEL-ENC-20260618-PER-002526-00158,2026-06-18,vital-signs,LOINC,8867-4,Heart Rate,65.2,bpm,bpm,50.0,120.0,50.0,120.0,2026-06-18 02:00:00,SynaptiqPOC,META_SynaptiqPOC,2026-06-18 02:00:00
ENC-20260618-PER-003920-00159-O00,PER-003920,PAT-003920,ENC-20260618-PER-003920-00159,PANEL-ENC-20260618-PER-003920-00159,2026-06-19,vital-signs,LOINC,3141-9,Body Weight,82.3,kg,kg,45.0,160.0,45.0,160.0,2026-06-18 02:00:00,SynaptiqPOC,META_SynaptiqPOC,2026-06-18 02:00:00
ENC-20260618-PER-003920-00159-O01,PER-003920,PAT-003920,ENC-20260618-PER-003920-00159,PANEL-ENC-20260618-PER-003920-00159,2026-06-19,vital-signs,LOINC,3141-9,Body Weight,105.8,kg,kg,45.0,160.0,45.0,160.0,2026-06-18 02:00:00,SynaptiqPOC,META_SynaptiqPOC,2026-06-18 02:00:00
ENC-20260618-PER-004981-00160-O00,PER-004981,PAT-004981,ENC-20260618-PER-004981-00160,PANEL-ENC-20260618-PER-004981-00160,2026-06-18,vital-signs,LOINC,8480-6,Systolic BP,93.9,mmHg,mmHg,90.0,180.0,90.0,180.0,2026-06-18 02:00:00,SynaptiqPOC,META_SynaptiqPOC,2026-06-18 02:00:00
ENC-20260618-PER-004981-00160-O01,PER-004981,PAT-004981,ENC-20260618-PER-004981-00160,PANEL-ENC-20260618-PER-004981-00160,2026-06-18,vital-signs,LOINC,8462-4,Diastolic BP,95.4,mmHg,mmHg,50.0,120.0,50.0,120.0,2026-06-18 02:00:00,SynaptiqPOC,META_SynaptiqPOC,2026-06-18 02:00:00
ENC-20260618-PER-004981-00160-O02,PER-004981,PAT-004981,ENC-20260618-PER-004981-00160,PANEL-ENC-20260618-PER-004981-00160,2026-06-18,vital-signs,LOINC,8462-4,Diastolic BP,89.4,mmHg,mmHg,50.0,120.0,50.0,120.0,2026-06-18 02:00:00,SynaptiqPOC,META_SynaptiqPOC,2026-06-18 02:00:00
ENC-20260618-PER-003322-00161-O00,PER-003322,PAT-003322,ENC-20260618-PER-003322-00161,PANEL-ENC-20260618-PER-003322-00161,2026-06-17,vital-signs,LOINC,8867-4,Heart Rate,80.7,bpm,bpm,50.0,120.0,50.0,120.0,2026-06-18 02:00:00,SynaptiqPOC,META_SynaptiqPOC,2026-06-18 02:00:00
ENC-20260618-PER-003322-00161-O01,PER-003322,PAT-003322,ENC-20260618-PER-003322-00161,PANEL-ENC-20260618-PER-003322-00161,2026-06-17,vital-signs,LOINC,8867-4,Heart Rate,74.5,bpm,bpm,50.0,120.0,50.0,120.0,2026-06-18 02:00:00,SynaptiqPOC,META_SynaptiqPOC,2026-06-18 02:00:00
ENC-20260618-PER-003322-00161-O02,PER-003322,PAT-003322,ENC-20260618-PER-003322-00161,PANEL-ENC-20260618-PER-003322-00161,2026-06-17,vital-signs,LOINC,39156-5,BMI,22.4,kg/m2,kg/m2,18.0,50.0,18.0,50.0,2026-06-18 02:00:00,SynaptiqPOC,META_SynaptiqPOC,2026-06-18 02:00:00
ENC-20260618-PER-002046-00162-O00,PER-002046,PAT-002046,ENC-20260618-PER-002046-00162,PANEL-ENC-20260618-PER-002046-00162,2026-06-17,vital-signs,LOINC,8867-4,Heart Rate,51.8,bpm,bpm,50.0,120.0,50.0,120.0,2026-06-18 02:00:00,SynaptiqPOC,META_SynaptiqPOC,2026-06-18 02:00:00
ENC-20260618-PER-002046-00162-O01,PER-002046,PAT-002046,ENC-20260618-PER-002046-00162,PANEL-ENC-20260618-PER-002046-00162,2026-06-17,vital-signs,LOINC,8867-4,Heart Rate,73.0,bpm,bpm,50.0,120.0,50.0,120.0,2026-06-18 02:00:00,SynaptiqPOC,META_SynaptiqPOC,2026-06-18 02:00:00
ENC-20260618-PER-002032-00163-O00,PER-002032,PAT-002032,ENC-20260618-PER-002032-00163,PANEL-ENC-20260618-PER-002032-00163,2026-06-19,vital-signs,LOINC,39156-5,BMI,33.5,kg/m2,kg/m2,18.0,50.0,18.0,50.0,2026-06-18 02:00:00,SynaptiqPOC,META_SynaptiqPOC,2026-06-18 02:00:00
ENC-20260618-PER-002032-00163-O01,PER-002032,PAT-002032,ENC-20260618-PER-002032-00163,PANEL-ENC-20260618-PER-002032-00163,2026-06-19,vital-signs,LOINC,39156-5,BMI,25.5,kg/m2,kg/m2,18.0,50.0,18.0,50.0,2026-06-18 02:00:00,SynaptiqPOC,META_SynaptiqPOC,2026-06-18 02:00:00
ENC-20260618-PER-002032-00163-O02,PER-002032,PAT-002032,ENC-20260618-PER-002032-00163,PANEL-ENC-20260618-PER-002032-00163,2026-06-19,vital-signs,LOINC,3141-9,Body Weight,90.7,kg,kg,45.0,160.0,45.0,160.0,2026-06-18 02:00:00,SynaptiqPOC,META_SynaptiqPOC,2026-06-18 02:00:00
ENC-20260618-PER-002090-00164-O00,PER-002090,PAT-002090,ENC-20260618-PER-002090-00164,PANEL-ENC-20260618-PER-002090-00164,2026-06-18,vital-signs,LOINC,8480-6,Systolic BP,176.1,mmHg,mmHg,90.0,180.0,90.0,180.0,2026-06-18 02:00:00,SynaptiqPOC,META_SynaptiqPOC,2026-06-18 02:00:00
ENC-20260618-PER-002090-00164-O01,PER-002090,PAT-002090,ENC-20260618-PER-002090-00164,PANEL-ENC-20260618-PER-002090-00164,2026-06-18,vital-signs,LOINC,3141-9,Body Weight,93.9,kg,kg,45.0,160.0,45.0,160.0,2026-06-18 02:00:00,SynaptiqPOC,META_SynaptiqPOC,2026-06-18 02:00:00
ENC-20260618-PER-004071-00165-O00,PER-004071,PAT-004071,ENC-20260618-PER-004071-00165,PANEL-ENC-20260618-PER-004071-00165,2026-06-17,vital-signs,LOINC,3141-9,Body Weight,115.0,kg,kg,45.0,160.0,45.0,160.0,2026-06-18 02:00:00,SynaptiqPOC,META_SynaptiqPOC,2026-06-18 02:00:00
ENC-20260618-PER-004071-00165-O01,PER-004071,PAT-004071,ENC-20260618-PER-004071-00165,PANEL-ENC-20260618-PER-004071-00165,2026-06-17,vital-signs,LOINC,39156-5,BMI,27.3,kg/m2,kg/m2,18.0,50.0,18.0,50.0,2026-06-18 02:00:00,SynaptiqPOC,META_SynaptiqPOC,2026-06-18 02:00:00
ENC-20260618-PER-001607-00166-O00,PER-001607,PAT-001607,ENC-20260618-PER-001607-00166,PANEL-ENC-20260618-PER-001607-00166,2026-06-18,vital-signs,LOINC,8462-4,Diastolic BP,54.5,mmHg,mmHg,50.0,120.0,50.0,120.0,2026-06-18 02:00:00,SynaptiqPOC,META_SynaptiqPOC,2026-06-18 02:00:00
ENC-20260618-PER-001607-00166-O01,PER-001607,PAT-001607,ENC-20260618-PER-001607-00166,PANEL-ENC-20260618-PER-001607-00166,2026-06-18,vital-signs,LOINC,39156-5,BMI,20.5,kg/m2,kg/m2,18.0,50.0,18.0,50.0,2026-06-18 02:00:00,SynaptiqPOC,META_SynaptiqPOC,2026-06-18 02:00:00
ENC-20260618-PER-000835-00167-O00,PER-000835,PAT-000835,ENC-20260618-PER-000835-00167,PANEL-ENC-20260618-PER-000835-00167,2026-06-19,vital-signs,LOINC,8462-4,Diastolic BP,58.7,mmHg,mmHg,50.0,120.0,50.0,120.0,2026-06-18 02:00:00,SynaptiqPOC,META_SynaptiqPOC,2026-06-18 02:00:00
ENC-20260618-PER-000835-00167-O01,PER-000835,PAT-000835,ENC-20260618-PER-000835-00167,PANEL-ENC-20260618-PER-000835-00167,2026-06-19,vital-signs,LOINC,8462-4,Diastolic BP,114.8,mmHg,mmHg,50.0,120.0,50.0,120.0,2026-06-18 02:00:00,SynaptiqPOC,META_SynaptiqPOC,2026-06-18 02:00:00
ENC-20260618-PER-001672-00168-O00,PER-001672,PAT-001672,ENC-20260618-PER-001672-00168,PANEL-ENC-20260618-PER-001672-00168,2026-06-18,vital-signs,LOINC,8867-4,Heart Rate,75.2,bpm,bpm,50.0,120.0,50.0,120.0,2026-06-18 02:00:00,SynaptiqPOC,META_SynaptiqPOC,2026-06-18 02:00:00
ENC-20260618-PER-001672-00168-O01,PER-001672,PAT-001672,ENC-20260618-PER-001672-00168,PANEL-ENC-20260618-PER-001672-00168,2026-06-18,vital-signs,LOINC,8480-6,Systolic BP,137.4,mmHg,mmHg,90.0,180.0,90.0,180.0,2026-06-18 02:00:00,SynaptiqPOC,META_SynaptiqPOC,2026-06-18 02:00:00
ENC-20260618-PER-001672-00168-O02,PER-001672,PAT-001672,ENC-20260618-PER-001672-00168,PANEL-ENC-20260618-PER-001672-00168,2026-06-18,vital-signs,LOINC,3141-9,Body Weight,125.0,kg,kg,45.0,160.0,45.0,160.0,2026-06-18 02:00:00,SynaptiqPOC,META_SynaptiqPOC,2026-06-18 02:00:00
ENC-20260618-PER-001672-00168-O03,PER-001672,PAT-001672,ENC-20260618-PER-001672-00168,PANEL-ENC-20260618-PER-001672-00168,2026-06-18,vital-signs,LOINC,39156-5,BMI,20.7,kg/m2,kg/m2,18.0,50.0,18.0,50.0,2026-06-18 02:00:00,SynaptiqPOC,META_SynaptiqPOC,2026-06-18 02:00:00
ENC-20260618-PER-000114-00169-O00,PER-000114,PAT-000114,ENC-20260618-PER-000114-00169,PANEL-ENC-20260618-PER-000114-00169,2026-06-17,vital-signs,LOINC,3141-9,Body Weight,130.7,kg,kg,45.0,160.0,45.0,160.0,2026-06-18 02:00:00,SynaptiqPOC,META_SynaptiqPOC,2026-06-18 02:00:00
ENC-20260618-PER-000114-00169-O01,PER-000114,PAT-000114,ENC-20260618-PER-000114-00169,PANEL-ENC-20260618-PER-000114-00169,2026-06-17,vital-signs,LOINC,8480-6,Systolic BP,162.8,mmHg,mmHg,90.0,180.0,90.0,180.0,2026-06-18 02:00:00,SynaptiqPOC,META_SynaptiqPOC,2026-06-18 02:00:00
ENC-20260618-PER-000114-00169-O02,PER-000114,PAT-000114,ENC-20260618-PER-000114-00169,PANEL-ENC-20260618-PER-000114-00169,2026-06-17,vital-signs,LOINC,8867-4,Heart Rate,119.1,bpm,bpm,50.0,120.0,50.0,120.0,2026-06-18 02:00:00,SynaptiqPOC,META_SynaptiqPOC,2026-06-18 02:00:00
ENC-20260618-PER-000114-00169-O03,PER-000114,PAT-000114,ENC-20260618-PER-000114-00169,PANEL-ENC-20260618-PER-000114-00169,2026-06-17,vital-signs,LOINC,39156-5,BMI,22.5,kg/m2,kg/m2,18.0,50.0,18.0,50.0,2026-06-18 02:00:00,SynaptiqPOC,META_SynaptiqPOC,2026-06-18 02:00:00
ENC-20260618-PER-000531-00170-O00,PER-000531,PAT-000531,ENC-20260618-PER-000531-00170,PANEL-ENC-20260618-PER-000531-00170,2026-06-17,vital-signs,LOINC,8867-4,Heart Rate,96.7,bpm,bpm,50.0,120.0,50.0,120.0,2026-06-18 02:00:00,SynaptiqPOC,META_SynaptiqPOC,2026-06-18 02:00:00
ENC-20260618-PER-000531-00170-O01,PER-000531,PAT-000531,ENC-20260618-PER-000531-00170,PANEL-ENC-20260618-PER-000531-00170,2026-06-17,vital-signs,LOINC,39156-5,BMI,34.9,kg/m2,kg/m2,18.0,50.0,18.0,50.0,2026-06-18 02:00:00,SynaptiqPOC,META_SynaptiqPOC,2026-06-18 02:00:00
ENC-20260618-PER-000531-00170-O02,PER-000531,PAT-000531,ENC-20260618-PER-000531-00170,PANEL-ENC-20260618-PER-000531-00170,2026-06-17,vital-signs,LOINC,8462-4,Diastolic BP,102.5,mmHg,mmHg,50.0,120.0,50.0,120.0,2026-06-18 02:00:00,SynaptiqPOC,META_SynaptiqPOC,2026-06-18 02:00:00
ENC-20260618-PER-000451-00171-O00,PER-000451,PAT-000451,ENC-20260618-PER-000451-00171,PANEL-ENC-20260618-PER-000451-00171,2026-06-19,vital-signs,LOINC,3141-9,Body Weight,77.2,kg,kg,45.0,160.0,45.0,160.0,2026-06-18 02:00:00,SynaptiqPOC,META_SynaptiqPOC,2026-06-18 02:00:00
ENC-20260618-PER-000451-00171-O01,PER-000451,PAT-000451,ENC-20260618-PER-000451-00171,PANEL-ENC-20260618-PER-000451-00171,2026-06-19,vital-signs,LOINC,3141-9,Body Weight,113.4,kg,kg,45.0,160.0,45.0,160.0,2026-06-18 02:00:00,SynaptiqPOC,META_SynaptiqPOC,2026-06-18 02:00:00
ENC-20260618-PER-000451-00171-O02,PER-000451,PAT-000451,ENC-20260618-PER-000451-00171,PANEL-ENC-20260618-PER-000451-00171,2026-06-19,vital-signs,LOINC,3141-9,Body Weight,131.4,kg,kg,45.0,160.0,45.0,160.0,2026-06-18 02:00:00,SynaptiqPOC,META_SynaptiqPOC,2026-06-18 02:00:00
ENC-20260618-PER-000451-00171-O03,PER-000451,PAT-000451,ENC-20260618-PER-000451-00171,PANEL-ENC-20260618-PER-000451-00171,2026-06-19,vital-signs,LOINC,8462-4,Diastolic BP,105.4,mmHg,mmHg,50.0,120.0,50.0,120.0,2026-06-18 02:00:00,SynaptiqPOC,META_SynaptiqPOC,2026-06-18 02:00:00
ENC-20260618-PER-003858-00172-O00,PER-003858,PAT-003858,ENC-20260618-PER-003858-00172,PANEL-ENC-20260618-PER-003858-00172,2026-06-19,vital-signs,LOINC,39156-5,BMI,23.5,kg/m2,kg/m2,18.0,50.0,18.0,50.0,2026-06-18 02:00:00,SynaptiqPOC,META_SynaptiqPOC,2026-06-18 02:00:00
ENC-20260618-PER-003858-00172-O01,PER-003858,PAT-003858,ENC-20260618-PER-003858-00172,PANEL-ENC-20260618-PER-003858-00172,2026-06-19,vital-signs,LOINC,8867-4,Heart Rate,61.8,bpm,bpm,50.0,120.0,50.0,120.0,2026-06-18 02:00:00,SynaptiqPOC,META_SynaptiqPOC,2026-06-18 02:00:00
ENC-20260618-PER-003858-00172-O02,PER-003858,PAT-003858,ENC-20260618-PER-003858-00172,PANEL-ENC-20260618-PER-003858-00172,2026-06-19,vital-signs,LOINC,8867-4,Heart Rate,68.2,bpm,bpm,50.0,120.0,50.0,120.0,2026-06-18 02:00:00,SynaptiqPOC,META_SynaptiqPOC,2026-06-18 02:00:00
ENC-20260618-PER-003612-00173-O00,PER-003612,PAT-003612,ENC-20260618-PER-003612-00173,PANEL-ENC-20260618-PER-003612-00173,2026-06-19,vital-signs,LOINC,8867-4,Heart Rate,118.2,bpm,bpm,50.0,120.0,50.0,120.0,2026-06-18 02:00:00,SynaptiqPOC,META_SynaptiqPOC,2026-06-18 02:00:00
ENC-20260618-PER-003612-00173-O01,PER-003612,PAT-003612,ENC-20260618-PER-003612-00173,PANEL-ENC-20260618-PER-003612-00173,2026-06-19,vital-signs,LOINC,8867-4,Heart Rate,66.9,bpm,bpm,50.0,120.0,50.0,120.0,2026-06-18 02:00:00,SynaptiqPOC,META_SynaptiqPOC,2026-06-18 02:00:00
ENC-20260618-PER-003612-00173-O02,PER-003612,PAT-003612,ENC-20260618-PER-003612-00173,PANEL-ENC-20260618-PER-003612-00173,2026-06-19,vital-signs,LOINC,3141-9,Body Weight,128.2,kg,kg,45.0,160.0,45.0,160.0,2026-06-18 02:00:00,SynaptiqPOC,META_SynaptiqPOC,2026-06-18 02:00:00
ENC-20260618-PER-003612-00173-O03,PER-003612,PAT-003612,ENC-20260618-PER-003612-00173,PANEL-ENC-20260618-PER-003612-00173,2026-06-19,vital-signs,LOINC,8480-6,Systolic BP,141.7,mmHg,mmHg,90.0,180.0,90.0,180.0,2026-06-18 02:00:00,SynaptiqPOC,META_SynaptiqPOC,2026-06-18 02:00:00
ENC-20260618-PER-003484-00174-O00,PER-003484,PAT-003484,ENC-20260618-PER-003484-00174,PANEL-ENC-20260618-PER-003484-00174,2026-06-19,vital-signs,LOINC,8462-4,Diastolic BP,99.5,mmHg,mmHg,50.0,120.0,50.0,120.0,2026-06-18 02:00:00,SynaptiqPOC,META_SynaptiqPOC,2026-06-18 02:00:00
ENC-20260618-PER-003484-00174-O01,PER-003484,PAT-003484,ENC-20260618-PER-003484-00174,PANEL-ENC-20260618-PER-003484-00174,2026-06-19,vital-signs,LOINC,39156-5,BMI,25.7,kg/m2,kg/m2,18.0,50.0,18.0,50.0,2026-06-18 02:00:00,SynaptiqPOC,META_SynaptiqPOC,2026-06-18 02:00:00
ENC-20260618-PER-002310-00175-O00,PER-002310,PAT-002310,ENC-20260618-PER-002310-00175,PANEL-ENC-20260618-PER-002310-00175,2026-06-17,vital-signs,LOINC,39156-5,BMI,36.9,kg/m2,kg/m2,18.0,50.0,18.0,50.0,2026-06-18 02:00:00,SynaptiqPOC,META_SynaptiqPOC,2026-06-18 02:00:00
ENC-20260618-PER-002310-00175-O01,PER-002310,PAT-002310,ENC-20260618-PER-002310-00175,PANEL-ENC-20260618-PER-002310-00175,2026-06-17,vital-signs,LOINC,3141-9,Body Weight,76.1,kg,kg,45.0,160.0,45.0,160.0,2026-06-18 02:00:00,SynaptiqPOC,META_SynaptiqPOC,2026-06-18 02:00:00
ENC-20260618-PER-003586-00176-O00,PER-003586,PAT-003586,ENC-20260618-PER-003586-00176,PANEL-ENC-20260618-PER-003586-00176,2026-06-17,vital-signs,LOINC,8462-4,Diastolic BP,91.8,mmHg,mmHg,50.0,120.0,50.0,120.0,2026-06-18 02:00:00,SynaptiqPOC,META_SynaptiqPOC,2026-06-18 02:00:00
ENC-20260618-PER-003586-00176-O01,PER-003586,PAT-003586,ENC-20260618-PER-003586-00176,PANEL-ENC-20260618-PER-003586-00176,2026-06-17,vital-signs,LOINC,39156-5,BMI,27.6,kg/m2,kg/m2,18.0,50.0,18.0,50.0,2026-06-18 02:00:00,SynaptiqPOC,META_SynaptiqPOC,2026-06-18 02:00:00
ENC-20260618-PER-003586-00176-O02,PER-003586,PAT-003586,ENC-20260618-PER-003586-00176,PANEL-ENC-20260618-PER-003586-00176,2026-06-17,vital-signs,LOINC,3141-9,Body Weight,134.0,kg,kg,45.0,160.0,45.0,160.0,2026-06-18 02:00:00,SynaptiqPOC,META_SynaptiqPOC,2026-06-18 02:00:00
ENC-20260618-PER-003586-00176-O03,PER-003586,PAT-003586,ENC-20260618-PER-003586-00176,PANEL-ENC-20260618-PER-003586-00176,2026-06-17,vital-signs,LOINC,8867-4,Heart Rate,100.6,bpm,bpm,50.0,120.0,50.0,120.0,2026-06-18 02:00:00,SynaptiqPOC,META_SynaptiqPOC,2026-06-18 02:00:00
ENC-20260618-PER-000807-00177-O00,PER-000807,PAT-000807,ENC-20260618-PER-000807-00177,PANEL-ENC-20260618-PER-000807-00177,2026-06-17,vital-signs,LOINC,8867-4,Heart Rate,100.1,bpm,bpm,50.0,120.0,50.0,120.0,2026-06-18 02:00:00,SynaptiqPOC,META_SynaptiqPOC,2026-06-18 02:00:00
ENC-20260618-PER-000807-00177-O01,PER-000807,PAT-000807,ENC-20260618-PER-000807-00177,PANEL-ENC-20260618-PER-000807-00177,2026-06-17,vital-signs,LOINC,3141-9,Body Weight,147.4,kg,kg,45.0,160.0,45.0,160.0,2026-06-18 02:00:00,SynaptiqPOC,META_SynaptiqPOC,2026-06-18 02:00:00
ENC-20260618-PER-004504-00178-O00,PER-004504,PAT-004504,ENC-20260618-PER-004504-00178,PANEL-ENC-20260618-PER-004504-00178,2026-06-17,vital-signs,LOINC,3141-9,Body Weight,117.7,kg,kg,45.0,160.0,45.0,160.0,2026-06-18 02:00:00,SynaptiqPOC,META_SynaptiqPOC,2026-06-18 02:00:00
ENC-20260618-PER-004504-00178-O01,PER-004504,PAT-004504,ENC-20260618-PER-004504-00178,PANEL-ENC-20260618-PER-004504-00178,2026-06-17,vital-signs,LOINC,8867-4,Heart Rate,100.2,bpm,bpm,50.0,120.0,50.0,120.0,2026-06-18 02:00:00,SynaptiqPOC,META_SynaptiqPOC,2026-06-18 02:00:00
ENC-20260618-PER-004504-00178-O02,PER-004504,PAT-004504,ENC-20260618-PER-004504-00178,PANEL-ENC-20260618-PER-004504-00178,2026-06-17,vital-signs,LOINC,39156-5,BMI,35.2,kg/m2,kg/m2,18.0,50.0,18.0,50.0,2026-06-18 02:00:00,SynaptiqPOC,META_SynaptiqPOC,2026-06-18 02:00:00
ENC-20260618-PER-004504-00178-O03,PER-004504,PAT-004504,ENC-20260618-PER-004504-00178,PANEL-ENC-20260618-PER-004504-00178,2026-06-17,vital-signs,LOINC,3141-9,Body Weight,78.1,kg,kg,45.0,160.0,45.0,160.0,2026-06-18 02:00:00,SynaptiqPOC,META_SynaptiqPOC,2026-06-18 02:00:00
ENC-20260618-PER-002506-00179-O00,PER-002506,PAT-002506,ENC-20260618-PER-002506-00179,PANEL-ENC-20260618-PER-002506-00179,2026-06-19,vital-signs,LOINC,8480-6,Systolic BP,171.8,mmHg,mmHg,90.0,180.0,90.0,180.0,2026-06-18 02:00:00,SynaptiqPOC,META_SynaptiqPOC,2026-06-18 02:00:00
ENC-20260618-PER-002506-00179-O01,PER-002506,PAT-002506,ENC-20260618-PER-002506-00179,PANEL-ENC-20260618-PER-002506-00179,2026-06-19,vital-signs,LOINC,3141-9,Body Weight,86.0,kg,kg,45.0,160.0,45.0,160.0,2026-06-18 02:00:00,SynaptiqPOC,META_SynaptiqPOC,2026-06-18 02:00:00
ENC-20260618-PER-002506-00179-O02,PER-002506,PAT-002506,ENC-20260618-PER-002506-00179,PANEL-ENC-20260618-PER-002506-00179,2026-06-19,vital-signs,LOINC,8867-4,Heart Rate,62.3,bpm,bpm,50.0,120.0,50.0,120.0,2026-06-18 02:00:00,SynaptiqPOC,META_SynaptiqPOC,2026-06-18 02:00:00
ENC-20260618-PER-004691-00180-O00,PER-004691,PAT-004691,ENC-20260618-PER-004691-00180,PANEL-ENC-20260618-PER-004691-00180,2026-06-19,vital-signs,LOINC,8462-4,Diastolic BP,56.7,mmHg,mmHg,50.0,120.0,50.0,120.0,2026-06-18 02:00:00,SynaptiqPOC,META_SynaptiqPOC,2026-06-18 02:00:00
ENC-20260618-PER-004691-00180-O01,PER-004691,PAT-004691,ENC-20260618-PER-004691-00180,PANEL-ENC-20260618-PER-004691-00180,2026-06-19,vital-signs,LOINC,39156-5,BMI,23.9,kg/m2,kg/m2,18.0,50.0,18.0,50.0,2026-06-18 02:00:00,SynaptiqPOC,META_SynaptiqPOC,2026-06-18 02:00:00
ENC-20260618-PER-004691-00180-O02,PER-004691,PAT-004691,ENC-20260618-PER-004691-00180,PANEL-ENC-20260618-PER-004691-00180,2026-06-19,vital-signs,LOINC,8867-4,Heart Rate,87.6,bpm,bpm,50.0,120.0,50.0,120.0,2026-06-18 02:00:00,SynaptiqPOC,META_SynaptiqPOC,2026-06-18 02:00:00
ENC-20260618-PER-000762-00181-O00,PER-000762,PAT-000762,ENC-20260618-PER-000762-00181,PANEL-ENC-20260618-PER-000762-00181,2026-06-17,vital-signs,LOINC,8462-4,Diastolic BP,89.7,mmHg,mmHg,50.0,120.0,50.0,120.0,2026-06-18 02:00:00,SynaptiqPOC,META_SynaptiqPOC,2026-06-18 02:00:00
ENC-20260618-PER-000762-00181-O01,PER-000762,PAT-000762,ENC-20260618-PER-000762-00181,PANEL-ENC-20260618-PER-000762-00181,2026-06-17,vital-signs,LOINC,3141-9,Body Weight,134.0,kg,kg,45.0,160.0,45.0,160.0,2026-06-18 02:00:00,SynaptiqPOC,META_SynaptiqPOC,2026-06-18 02:00:00
ENC-20260618-PER-000762-00181-O02,PER-000762,PAT-000762,ENC-20260618-PER-000762-00181,PANEL-ENC-20260618-PER-000762-00181,2026-06-17,vital-signs,LOINC,8480-6,Systolic BP,122.5,mmHg,mmHg,90.0,180.0,90.0,180.0,2026-06-18 02:00:00,SynaptiqPOC,META_SynaptiqPOC,2026-06-18 02:00:00
ENC-20260618-PER-002487-00182-O00,PER-002487,PAT-002487,ENC-20260618-PER-002487-00182,PANEL-ENC-20260618-PER-002487-00182,2026-06-19,vital-signs,LOINC,8867-4,Heart Rate,89.3,bpm,bpm,50.0,120.0,50.0,120.0,2026-06-18 02:00:00,SynaptiqPOC,META_SynaptiqPOC,2026-06-18 02:00:00
ENC-20260618-PER-002487-00182-O01,PER-002487,PAT-002487,ENC-20260618-PER-002487-00182,PANEL-ENC-20260618-PER-002487-00182,2026-06-19,vital-signs,LOINC,39156-5,BMI,26.9,kg/m2,kg/m2,18.0,50.0,18.0,50.0,2026-06-18 02:00:00,SynaptiqPOC,META_SynaptiqPOC,2026-06-18 02:00:00
ENC-20260618-PER-002487-00182-O02,PER-002487,PAT-002487,ENC-20260618-PER-002487-00182,PANEL-ENC-20260618-PER-002487-00182,2026-06-19,vital-signs,LOINC,8462-4,Diastolic BP,107.4,mmHg,mmHg,50.0,120.0,50.0,120.0,2026-06-18 02:00:00,SynaptiqPOC,META_SynaptiqPOC,2026-06-18 02:00:00
ENC-20260618-PER-002487-00182-O03,PER-002487,PAT-002487,ENC-20260618-PER-002487-00182,PANEL-ENC-20260618-PER-002487-00182,2026-06-19,vital-signs,LOINC,3141-9,Body Weight,67.6,kg,kg,45.0,160.0,45.0,160.0,2026-06-18 02:00:00,SynaptiqPOC,META_SynaptiqPOC,2026-06-18 02:00:00
ENC-20260618-PER-003482-00183-O00,PER-003482,PAT-003482,ENC-20260618-PER-003482-00183,PANEL-ENC-20260618-PER-003482-00183,2026-06-18,vital-signs,LOINC,39156-5,BMI,23.7,kg/m2,kg/m2,18.0,50.0,18.0,50.0,2026-06-18 02:00:00,SynaptiqPOC,META_SynaptiqPOC,2026-06-18 02:00:00
ENC-20260618-PER-003482-00183-O01,PER-003482,PAT-003482,ENC-20260618-PER-003482-00183,PANEL-ENC-20260618-PER-003482-00183,2026-06-18,vital-signs,LOINC,39156-5,BMI,31.4,kg/m2,kg/m2,18.0,50.0,18.0,50.0,2026-06-18 02:00:00,SynaptiqPOC,META_SynaptiqPOC,2026-06-18 02:00:00
ENC-20260618-PER-002479-00184-O00,PER-002479,PAT-002479,ENC-20260618-PER-002479-00184,PANEL-ENC-20260618-PER-002479-00184,2026-06-17,vital-signs,LOINC,39156-5,BMI,25.2,kg/m2,kg/m2,18.0,50.0,18.0,50.0,2026-06-18 02:00:00,SynaptiqPOC,META_SynaptiqPOC,2026-06-18 02:00:00
ENC-20260618-PER-002479-00184-O01,PER-002479,PAT-002479,ENC-20260618-PER-002479-00184,PANEL-ENC-20260618-PER-002479-00184,2026-06-17,vital-signs,LOINC,8867-4,Heart Rate,94.0,bpm,bpm,50.0,120.0,50.0,120.0,2026-06-18 02:00:00,SynaptiqPOC,META_SynaptiqPOC,2026-06-18 02:00:00
ENC-20260618-PER-002479-00184-O02,PER-002479,PAT-002479,ENC-20260618-PER-002479-00184,PANEL-ENC-20260618-PER-002479-00184,2026-06-17,vital-signs,LOINC,8462-4,Diastolic BP,91.8,mmHg,mmHg,50.0,120.0,50.0,120.0,2026-06-18 02:00:00,SynaptiqPOC,META_SynaptiqPOC,2026-06-18 02:00:00
ENC-20260618-PER-002479-00184-O03,PER-002479,PAT-002479,ENC-20260618-PER-002479-00184,PANEL-ENC-20260618-PER-002479-00184,2026-06-17,vital-signs,LOINC,8462-4,Diastolic BP,53.8,mmHg,mmHg,50.0,120.0,50.0,120.0,2026-06-18 02:00:00,SynaptiqPOC,META_SynaptiqPOC,2026-06-18 02:00:00
ENC-20260618-PER-002231-00185-O00,PER-002231,PAT-002231,ENC-20260618-PER-002231-00185,PANEL-ENC-20260618-PER-002231-00185,2026-06-19,vital-signs,LOINC,8480-6,Systolic BP,113.2,mmHg,mmHg,90.0,180.0,90.0,180.0,2026-06-18 02:00:00,SynaptiqPOC,META_SynaptiqPOC,2026-06-18 02:00:00
ENC-20260618-PER-002231-00185-O01,PER-002231,PAT-002231,ENC-20260618-PER-002231-00185,PANEL-ENC-20260618-PER-002231-00185,2026-06-19,vital-signs,LOINC,8480-6,Systolic BP,171.6,mmHg,mmHg,90.0,180.0,90.0,180.0,2026-06-18 02:00:00,SynaptiqPOC,META_SynaptiqPOC,2026-06-18 02:00:00
ENC-20260618-PER-002231-00185-O02,PER-002231,PAT-002231,ENC-20260618-PER-002231-00185,PANEL-ENC-20260618-PER-002231-00185,2026-06-19,vital-signs,LOINC,8867-4,Heart Rate,86.3,bpm,bpm,50.0,120.0,50.0,120.0,2026-06-18 02:00:00,SynaptiqPOC,META_SynaptiqPOC,2026-06-18 02:00:00
ENC-20260618-PER-002231-00185-O03,PER-002231,PAT-002231,ENC-20260618-PER-002231-00185,PANEL-ENC-20260618-PER-002231-00185,2026-06-19,vital-signs,LOINC,8480-6,Systolic BP,161.7,mmHg,mmHg,90.0,180.0,90.0,180.0,2026-06-18 02:00:00,SynaptiqPOC,META_SynaptiqPOC,2026-06-18 02:00:00
ENC-20260618-PER-000832-00186-O00,PER-000832,PAT-000832,ENC-20260618-PER-000832-00186,PANEL-ENC-20260618-PER-000832-00186,2026-06-19,vital-signs,LOINC,8480-6,Systolic BP,125.2,mmHg,mmHg,90.0,180.0,90.0,180.0,2026-06-18 02:00:00,SynaptiqPOC,META_SynaptiqPOC,2026-06-18 02:00:00
ENC-20260618-PER-000832-00186-O01,PER-000832,PAT-000832,ENC-20260618-PER-000832-00186,PANEL-ENC-20260618-PER-000832-00186,2026-06-19,vital-signs,LOINC,8480-6,Systolic BP,167.7,mmHg,mmHg,90.0,180.0,90.0,180.0,2026-06-18 02:00:00,SynaptiqPOC,META_SynaptiqPOC,2026-06-18 02:00:00
ENC-20260618-PER-000832-00186-O02,PER-000832,PAT-000832,ENC-20260618-PER-000832-00186,PANEL-ENC-20260618-PER-000832-00186,2026-06-19,vital-signs,LOINC,3141-9,Body Weight,130.3,kg,kg,45.0,160.0,45.0,160.0,2026-06-18 02:00:00,SynaptiqPOC,META_SynaptiqPOC,2026-06-18 02:00:00
ENC-20260618-PER-000832-00186-O03,PER-000832,PAT-000832,ENC-20260618-PER-000832-00186,PANEL-ENC-20260618-PER-000832-00186,2026-06-19,vital-signs,LOINC,3141-9,Body Weight,130.5,kg,kg,45.0,160.0,45.0,160.0,2026-06-18 02:00:00,SynaptiqPOC,META_SynaptiqPOC,2026-06-18 02:00:00
ENC-20260618-PER-001906-00187-O00,PER-001906,PAT-001906,ENC-20260618-PER-001906-00187,PANEL-ENC-20260618-PER-001906-00187,2026-06-18,vital-signs,LOINC,8480-6,Systolic BP,170.1,mmHg,mmHg,90.0,180.0,90.0,180.0,2026-06-18 02:00:00,SynaptiqPOC,META_SynaptiqPOC,2026-06-18 02:00:00
ENC-20260618-PER-001906-00187-O01,PER-001906,PAT-001906,ENC-20260618-PER-001906-00187,PANEL-ENC-20260618-PER-001906-00187,2026-06-18,vital-signs,LOINC,3141-9,Body Weight,97.3,kg,kg,45.0,160.0,45.0,160.0,2026-06-18 02:00:00,SynaptiqPOC,META_SynaptiqPOC,2026-06-18 02:00:00
ENC-20260618-PER-001906-00187-O02,PER-001906,PAT-001906,ENC-20260618-PER-001906-00187,PANEL-ENC-20260618-PER-001906-00187,2026-06-18,vital-signs,LOINC,8867-4,Heart Rate,106.8,bpm,bpm,50.0,120.0,50.0,120.0,2026-06-18 02:00:00,SynaptiqPOC,META_SynaptiqPOC,2026-06-18 02:00:00
ENC-20260618-PER-001906-00187-O03,PER-001906,PAT-001906,ENC-20260618-PER-001906-00187,PANEL-ENC-20260618-PER-001906-00187,2026-06-18,vital-signs,LOINC,8867-4,Heart Rate,53.8,bpm,bpm,50.0,120.0,50.0,120.0,2026-06-18 02:00:00,SynaptiqPOC,META_SynaptiqPOC,2026-06-18 02:00:00
ENC-20260618-PER-001194-00188-O00,PER-001194,PAT-001194,ENC-20260618-PER-001194-00188,PANEL-ENC-20260618-PER-001194-00188,2026-06-19,vital-signs,LOINC,8867-4,Heart Rate,55.2,bpm,bpm,50.0,120.0,50.0,120.0,2026-06-18 02:00:00,SynaptiqPOC,META_SynaptiqPOC,2026-06-18 02:00:00
ENC-20260618-PER-001194-00188-O01,PER-001194,PAT-001194,ENC-20260618-PER-001194-00188,PANEL-ENC-20260618-PER-001194-00188,2026-06-19,vital-signs,LOINC,8462-4,Diastolic BP,118.4,mmHg,mmHg,50.0,120.0,50.0,120.0,2026-06-18 02:00:00,SynaptiqPOC,META_SynaptiqPOC,2026-06-18 02:00:00
ENC-20260618-PER-001194-00188-O02,PER-001194,PAT-001194,ENC-20260618-PER-001194-00188,PANEL-ENC-20260618-PER-001194-00188,2026-06-19,vital-signs,LOINC,8480-6,Systolic BP,90.5,mmHg,mmHg,90.0,180.0,90.0,180.0,2026-06-18 02:00:00,SynaptiqPOC,META_SynaptiqPOC,2026-06-18 02:00:00
ENC-20260618-PER-001194-00188-O03,PER-001194,PAT-001194,ENC-20260618-PER-001194-00188,PANEL-ENC-20260618-PER-001194-00188,2026-06-19,vital-signs,LOINC,8867-4,Heart Rate,100.3,bpm,bpm,50.0,120.0,50.0,120.0,2026-06-18 02:00:00,SynaptiqPOC,META_SynaptiqPOC,2026-06-18 02:00:00
ENC-20260618-PER-001508-00189-O00,PER-001508,PAT-001508,ENC-20260618-PER-001508-00189,PANEL-ENC-20260618-PER-001508-00189,2026-06-18,vital-signs,LOINC,39156-5,BMI,27.2,kg/m2,kg/m2,18.0,50.0,18.0,50.0,2026-06-18 02:00:00,SynaptiqPOC,META_SynaptiqPOC,2026-06-18 02:00:00
ENC-20260618-PER-001508-00189-O01,PER-001508,PAT-001508,ENC-20260618-PER-001508-00189,PANEL-ENC-20260618-PER-001508-00189,2026-06-18,vital-signs,LOINC,8462-4,Diastolic BP,51.9,mmHg,mmHg,50.0,120.0,50.0,120.0,2026-06-18 02:00:00,SynaptiqPOC,META_SynaptiqPOC,2026-06-18 02:00:00
ENC-20260618-PER-001508-00189-O02,PER-001508,PAT-001508,ENC-20260618-PER-001508-00189,PANEL-ENC-20260618-PER-001508-00189,2026-06-18,vital-signs,LOINC,3141-9,Body Weight,48.1,kg,kg,45.0,160.0,45.0,160.0,2026-06-18 02:00:00,SynaptiqPOC,META_SynaptiqPOC,2026-06-18 02:00:00
ENC-20260618-PER-003419-00190-O00,PER-003419,PAT-003419,ENC-20260618-PER-003419-00190,PANEL-ENC-20260618-PER-003419-00190,2026-06-19,vital-signs,LOINC,8480-6,Systolic BP,178.2,mmHg,mmHg,90.0,180.0,90.0,180.0,2026-06-18 02:00:00,SynaptiqPOC,META_SynaptiqPOC,2026-06-18 02:00:00
ENC-20260618-PER-003419-00190-O01,PER-003419,PAT-003419,ENC-20260618-PER-003419-00190,PANEL-ENC-20260618-PER-003419-00190,2026-06-19,vital-signs,LOINC,8867-4,Heart Rate,73.6,bpm,bpm,50.0,120.0,50.0,120.0,2026-06-18 02:00:00,SynaptiqPOC,META_SynaptiqPOC,2026-06-18 02:00:00
ENC-20260618-PER-003419-00190-O02,PER-003419,PAT-003419,ENC-20260618-PER-003419-00190,PANEL-ENC-20260618-PER-003419-00190,2026-06-19,vital-signs,LOINC,8867-4,Heart Rate,83.8,bpm,bpm,50.0,120.0,50.0,120.0,2026-06-18 02:00:00,SynaptiqPOC,META_SynaptiqPOC,2026-06-18 02:00:00
ENC-20260618-PER-003152-00191-O00,PER-003152,PAT-003152,ENC-20260618-PER-003152-00191,PANEL-ENC-20260618-PER-003152-00191,2026-06-18,vital-signs,LOINC,8867-4,Heart Rate,92.0,bpm,bpm,50.0,120.0,50.0,120.0,2026-06-18 02:00:00,SynaptiqPOC,META_SynaptiqPOC,2026-06-18 02:00:00
ENC-20260618-PER-003152-00191-O01,PER-003152,PAT-003152,ENC-20260618-PER-003152-00191,PANEL-ENC-20260618-PER-003152-00191,2026-06-18,vital-signs,LOINC,8480-6,Systolic BP,112.6,mmHg,mmHg,90.0,180.0,90.0,180.0,2026-06-18 02:00:00,SynaptiqPOC,META_SynaptiqPOC,2026-06-18 02:00:00
ENC-20260618-PER-003152-00191-O02,PER-003152,PAT-003152,ENC-20260618-PER-003152-00191,PANEL-ENC-20260618-PER-003152-00191,2026-06-18,vital-signs,LOINC,8462-4,Diastolic BP,92.8,mmHg,mmHg,50.0,120.0,50.0,120.0,2026-06-18 02:00:00,SynaptiqPOC,META_SynaptiqPOC,2026-06-18 02:00:00
ENC-20260618-PER-003036-00192-O00,PER-003036,PAT-003036,ENC-20260618-PER-003036-00192,PANEL-ENC-20260618-PER-003036-00192,2026-06-19,vital-signs,LOINC,3141-9,Body Weight,69.1,kg,kg,45.0,160.0,45.0,160.0,2026-06-18 02:00:00,SynaptiqPOC,META_SynaptiqPOC,2026-06-18 02:00:00
ENC-20260618-PER-003036-00192-O01,PER-003036,PAT-003036,ENC-20260618-PER-003036-00192,PANEL-ENC-20260618-PER-003036-00192,2026-06-19,vital-signs,LOINC,3141-9,Body Weight,59.2,kg,kg,45.0,160.0,45.0,160.0,2026-06-18 02:00:00,SynaptiqPOC,META_SynaptiqPOC,2026-06-18 02:00:00
ENC-20260618-PER-003036-00192-O02,PER-003036,PAT-003036,ENC-20260618-PER-003036-00192,PANEL-ENC-20260618-PER-003036-00192,2026-06-19,vital-signs,LOINC,3141-9,Body Weight,64.1,kg,kg,45.0,160.0,45.0,160.0,2026-06-18 02:00:00,SynaptiqPOC,META_SynaptiqPOC,2026-06-18 02:00:00
ENC-20260618-PER-003036-00192-O03,PER-003036,PAT-003036,ENC-20260618-PER-003036-00192,PANEL-ENC-20260618-PER-003036-00192,2026-06-19,vital-signs,LOINC,8480-6,Systolic BP,146.3,mmHg,mmHg,90.0,180.0,90.0,180.0,2026-06-18 02:00:00,SynaptiqPOC,META_SynaptiqPOC,2026-06-18 02:00:00
ENC-20260618-PER-001810-00193-O00,PER-001810,PAT-001810,ENC-20260618-PER-001810-00193,PANEL-ENC-20260618-PER-001810-00193,2026-06-17,vital-signs,LOINC,8462-4,Diastolic BP,112.1,mmHg,mmHg,50.0,120.0,50.0,120.0,2026-06-18 02:00:00,SynaptiqPOC,META_SynaptiqPOC,2026-06-18 02:00:00
ENC-20260618-PER-001810-00193-O01,PER-001810,PAT-001810,ENC-20260618-PER-001810-00193,PANEL-ENC-20260618-PER-001810-00193,2026-06-17,vital-signs,LOINC,8480-6,Systolic BP,173.4,mmHg,mmHg,90.0,180.0,90.0,180.0,2026-06-18 02:00:00,SynaptiqPOC,META_SynaptiqPOC,2026-06-18 02:00:00
ENC-20260618-PER-001810-00193-O02,PER-001810,PAT-001810,ENC-20260618-PER-001810-00193,PANEL-ENC-20260618-PER-001810-00193,2026-06-17,vital-signs,LOINC,8480-6,Systolic BP,149.4,mmHg,mmHg,90.0,180.0,90.0,180.0,2026-06-18 02:00:00,SynaptiqPOC,META_SynaptiqPOC,2026-06-18 02:00:00
ENC-20260618-PER-004799-00194-O00,PER-004799,PAT-004799,ENC-20260618-PER-004799-00194,PANEL-ENC-20260618-PER-004799-00194,2026-06-17,vital-signs,LOINC,39156-5,BMI,30.8,kg/m2,kg/m2,18.0,50.0,18.0,50.0,2026-06-18 02:00:00,SynaptiqPOC,META_SynaptiqPOC,2026-06-18 02:00:00
ENC-20260618-PER-004799-00194-O01,PER-004799,PAT-004799,ENC-20260618-PER-004799-00194,PANEL-ENC-20260618-PER-004799-00194,2026-06-17,vital-signs,LOINC,8480-6,Systolic BP,176.6,mmHg,mmHg,90.0,180.0,90.0,180.0,2026-06-18 02:00:00,SynaptiqPOC,META_SynaptiqPOC,2026-06-18 02:00:00
ENC-20260618-PER-004799-00194-O02,PER-004799,PAT-004799,ENC-20260618-PER-004799-00194,PANEL-ENC-20260618-PER-004799-00194,2026-06-17,vital-signs,LOINC,8480-6,Systolic BP,176.6,mmHg,mmHg,90.0,180.0,90.0,180.0,2026-06-18 02:00:00,SynaptiqPOC,META_SynaptiqPOC,2026-06-18 02:00:00
ENC-20260618-PER-000439-00195-O00,PER-000439,PAT-000439,ENC-20260618-PER-000439-00195,PANEL-ENC-20260618-PER-000439-00195,2026-06-19,vital-signs,LOINC,8480-6,Systolic BP,119.3,mmHg,mmHg,90.0,180.0,90.0,180.0,2026-06-18 02:00:00,SynaptiqPOC,META_SynaptiqPOC,2026-06-18 02:00:00
ENC-20260618-PER-000439-00195-O01,PER-000439,PAT-000439,ENC-20260618-PER-000439-00195,PANEL-ENC-20260618-PER-000439-00195,2026-06-19,vital-signs,LOINC,8480-6,Systolic BP,135.9,mmHg,mmHg,90.0,180.0,90.0,180.0,2026-06-18 02:00:00,SynaptiqPOC,META_SynaptiqPOC,2026-06-18 02:00:00
ENC-20260618-PER-001713-00196-O00,PER-001713,PAT-001713,ENC-20260618-PER-001713-00196,PANEL-ENC-20260618-PER-001713-00196,2026-06-17,vital-signs,LOINC,8867-4,Heart Rate,65.5,bpm,bpm,50.0,120.0,50.0,120.0,2026-06-18 02:00:00,SynaptiqPOC,META_SynaptiqPOC,2026-06-18 02:00:00
ENC-20260618-PER-001713-00196-O01,PER-001713,PAT-001713,ENC-20260618-PER-001713-00196,PANEL-ENC-20260618-PER-001713-00196,2026-06-17,vital-signs,LOINC,8462-4,Diastolic BP,75.8,mmHg,mmHg,50.0,120.0,50.0,120.0,2026-06-18 02:00:00,SynaptiqPOC,META_SynaptiqPOC,2026-06-18 02:00:00
ENC-20260618-PER-000591-00197-O00,PER-000591,PAT-000591,ENC-20260618-PER-000591-00197,PANEL-ENC-20260618-PER-000591-00197,2026-06-17,vital-signs,LOINC,3141-9,Body Weight,59.4,kg,kg,45.0,160.0,45.0,160.0,2026-06-18 02:00:00,SynaptiqPOC,META_SynaptiqPOC,2026-06-18 02:00:00
ENC-20260618-PER-000591-00197-O01,PER-000591,PAT-000591,ENC-20260618-PER-000591-00197,PANEL-ENC-20260618-PER-000591-00197,2026-06-17,vital-signs,LOINC,3141-9,Body Weight,89.0,kg,kg,45.0,160.0,45.0,160.0,2026-06-18 02:00:00,SynaptiqPOC,META_SynaptiqPOC,2026-06-18 02:00:00
ENC-20260618-PER-001695-00198-O00,PER-001695,PAT-001695,ENC-20260618-PER-001695-00198,PANEL-ENC-20260618-PER-001695-00198,2026-06-19,vital-signs,LOINC,8462-4,Diastolic BP,90.9,mmHg,mmHg,50.0,120.0,50.0,120.0,2026-06-18 02:00:00,SynaptiqPOC,META_SynaptiqPOC,2026-06-18 02:00:00
ENC-20260618-PER-001695-00198-O01,PER-001695,PAT-001695,ENC-20260618-PER-001695-00198,PANEL-ENC-20260618-PER-001695-00198,2026-06-19,vital-signs,LOINC,3141-9,Body Weight,91.8,kg,kg,45.0,160.0,45.0,160.0,2026-06-18 02:00:00,SynaptiqPOC,META_SynaptiqPOC,2026-06-18 02:00:00
ENC-20260618-PER-001695-00198-O02,PER-001695,PAT-001695,ENC-20260618-PER-001695-00198,PANEL-ENC-20260618-PER-001695-00198,2026-06-19,vital-signs,LOINC,3141-9,Body Weight,64.6,kg,kg,45.0,160.0,45.0,160.0,2026-06-18 02:00:00,SynaptiqPOC,META_SynaptiqPOC,2026-06-18 02:00:00
ENC-20260618-PER-004810-00199-O00,PER-004810,PAT-004810,ENC-20260618-PER-004810-00199,PANEL-ENC-20260618-PER-004810-00199,2026-06-17,vital-signs,LOINC,3141-9,Body Weight,52.1,kg,kg,45.0,160.0,45.0,160.0,2026-06-18 02:00:00,SynaptiqPOC,META_SynaptiqPOC,2026-06-18 02:00:00
ENC-20260618-PER-004810-00199-O01,PER-004810,PAT-004810,ENC-20260618-PER-004810-00199,PANEL-ENC-20260618-PER-004810-00199,2026-06-17,vital-signs,LOINC,8480-6,Systolic BP,123.9,mmHg,mmHg,90.0,180.0,90.0,180.0,2026-06-18 02:00:00,SynaptiqPOC,META_SynaptiqPOC,2026-06-18 02:00:00
ENC-20260618-PER-004810-00199-O02,PER-004810,PAT-004810,ENC-20260618-PER-004810-00199,PANEL-ENC-20260618-PER-004810-00199,2026-06-17,vital-signs,LOINC,8480-6,Systolic BP,162.9,mmHg,mmHg,90.0,180.0,90.0,180.0,2026-06-18 02:00:00,SynaptiqPOC,META_SynaptiqPOC,2026-06-18 02:00:00
